ConstructorID,DriverID,AveragePoints,StartingPosition,PositionAfterFirstLap,FinalPosition
1,1,237.2727273,1,1,1
1,1,237.2727273,9,5,5
1,1,237.2727273,3,9,13
1,1,237.2727273,5,4,3
1,1,237.2727273,3,2,1
1,1,237.2727273,1,1,19
1,1,237.2727273,13,10,10
1,1,237.2727273,4,2,1
1,1,237.2727273,1,1,1
1,1,237.2727273,1,2,5
1,1,237.2727273,1,1,3
1,1,237.2727273,15,14,7
1,1,237.2727273,1,6,12
1,1,237.2727273,1,1,1
1,1,237.2727273,4,4,5
1,1,237.2727273,4,3,3
1,1,237.2727273,4,2,2
1,1,237.2727273,2,2,2
1,1,237.2727273,4,2,2
1,1,237.2727273,2,2,2
1,1,237.2727273,1,1,1
1,1,237.2727273,2,3,3
1,1,237.2727273,1,1,3
1,1,237.2727273,10,19,9
1,1,237.2727273,1,1,1
1,1,237.2727273,2,2,2
1,1,237.2727273,4,4,4
1,1,237.2727273,1,1,1
1,1,237.2727273,1,1,19
1,1,237.2727273,2,8,7
1,1,237.2727273,18,13,20
1,1,237.2727273,12,10,7
1,1,237.2727273,9,9,6
1,1,237.2727273,5,3,4
1,1,237.2727273,14,15,9
1,1,237.2727273,19,18,12
1,1,237.2727273,18,15,16
1,1,237.2727273,5,20,18
1,1,237.2727273,4,3,1
1,1,237.2727273,12,19,19
1,1,237.2727273,1,1,12
1,1,237.2727273,3,2,3
1,1,237.2727273,17,12,3
1,1,237.2727273,4,5,3
1,1,237.2727273,11,7,6
1,1,237.2727273,20,13,6
1,1,237.2727273,6,6,2
1,1,237.2727273,3,3,14
1,1,237.2727273,5,5,5
1,1,237.2727273,1,1,1
1,1,237.2727273,4,2,2
1,1,237.2727273,6,4,4
1,1,237.2727273,5,6,20
1,1,237.2727273,2,1,1
1,1,237.2727273,5,23,23
1,1,237.2727273,8,6,5
1,1,237.2727273,4,5,4
1,1,237.2727273,2,2,2
1,1,237.2727273,2,3,8
1,1,237.2727273,3,2,1
1,1,237.2727273,3,4,2
1,1,237.2727273,9,10,6
1,1,237.2727273,5,5,24
1,1,237.2727273,10,6,4
1,1,237.2727273,2,1,1
1,1,237.2727273,2,2,4
1,1,237.2727273,2,4,22
1,1,237.2727273,2,3,4
1,1,237.2727273,3,2,5
1,1,237.2727273,4,5,22
1,1,237.2727273,1,2,3
1,1,237.2727273,1,1,3
1,1,237.2727273,7,5,3
1,1,237.2727273,2,2,8
1,1,237.2727273,24,20,8
1,1,237.2727273,3,3,5
1,1,237.2727273,2,2,1
1,1,237.2727273,8,8,8
1,1,237.2727273,7,8,24
1,1,237.2727273,1,1,1
1,1,237.2727273,7,23,23
1,1,237.2727273,1,1,1
1,1,237.2727273,9,7,5
1,1,237.2727273,1,1,20
1,1,237.2727273,3,4,5
1,1,237.2727273,4,4,3
1,1,237.2727273,1,1,3
1,1,237.2727273,9,10,5
1,1,237.2727273,2,4,12
1,1,237.2727273,2,2,4
1,1,237.2727273,2,2,3
1,1,237.2727273,1,1,4
1,1,237.2727273,1,3,5
1,1,237.2727273,1,1,1
1,1,237.2727273,1,2,3
1,1,237.2727273,12,10,9
1,1,237.2727273,3,20,20
1,1,237.2727273,5,4,9
1,1,237.2727273,1,4,19
1,1,237.2727273,1,1,1
1,1,237.2727273,2,1,1
1,1,237.2727273,1,1,1
1,1,237.2727273,1,1,1
1,1,237.2727273,2,2,2
1,1,237.2727273,2,3,17
1,1,237.2727273,9,4,2
1,1,237.2727273,6,4,1
1,1,237.2727273,20,17,3
1,1,237.2727273,22,21,3
1,1,237.2727273,2,1,19
1,1,237.2727273,1,4,1
1,1,237.2727273,2,2,1
1,1,237.2727273,2,2,2
1,1,237.2727273,1,1,1
1,1,237.2727273,1,1,2
1,1,237.2727273,1,1,1
1,1,237.2727273,1,1,1
1,1,237.2727273,2,3,2
1,1,237.2727273,1,1,3
1,1,237.2727273,1,1,1
1,1,237.2727273,1,2,2
1,1,237.2727273,1,2,1
1,1,237.2727273,1,10,6
1,1,237.2727273,1,1,1
1,1,237.2727273,1,1,1
1,1,237.2727273,2,1,1
1,1,237.2727273,2,2,2
1,1,237.2727273,2,2,2
1,1,237.2727273,1,6,2
1,1,237.2727273,1,7,3
1,1,237.2727273,22,21,7
1,1,237.2727273,1,21,21
1,1,237.2727273,3,3,1
1,1,237.2727273,1,2,1
1,1,237.2727273,1,1,1
1,1,237.2727273,1,1,1
1,1,237.2727273,2,1,1
1,1,237.2727273,2,1,1
1,1,237.2727273,21,15,3
1,1,237.2727273,1,6,2
1,1,237.2727273,1,1,18
1,1,237.2727273,2,8,3
1,1,237.2727273,1,1,1
1,1,237.2727273,1,1,1
1,1,237.2727273,1,1,2
1,1,237.2727273,1,1,1
1,1,237.2727273,2,3,2
1,1,237.2727273,1,2,1
1,1,237.2727273,13,12,7
1,1,237.2727273,1,1,1
1,1,237.2727273,8,7,4
1,1,237.2727273,1,1,1
1,1,237.2727273,4,5,4
1,1,237.2727273,1,1,1
1,1,237.2727273,1,1,1
1,1,237.2727273,1,1,2
1,1,237.2727273,1,1,1
1,1,237.2727273,3,20,9
1,1,237.2727273,20,16,4
131,1,237.2727273,1,1,1
131,1,237.2727273,9,5,5
131,1,237.2727273,3,9,13
131,1,237.2727273,5,4,3
131,1,237.2727273,3,2,1
131,1,237.2727273,1,1,19
131,1,237.2727273,13,10,10
131,1,237.2727273,4,2,1
131,1,237.2727273,1,1,1
131,1,237.2727273,1,2,5
131,1,237.2727273,1,1,3
131,1,237.2727273,15,14,7
131,1,237.2727273,1,6,12
131,1,237.2727273,1,1,1
131,1,237.2727273,4,4,5
131,1,237.2727273,4,3,3
131,1,237.2727273,4,2,2
131,1,237.2727273,2,2,2
131,1,237.2727273,4,2,2
131,1,237.2727273,2,2,2
131,1,237.2727273,1,1,1
131,1,237.2727273,2,3,3
131,1,237.2727273,1,1,3
131,1,237.2727273,10,19,9
131,1,237.2727273,1,1,1
131,1,237.2727273,2,2,2
131,1,237.2727273,4,4,4
131,1,237.2727273,1,1,1
131,1,237.2727273,1,1,19
131,1,237.2727273,2,8,7
131,1,237.2727273,18,13,20
131,1,237.2727273,12,10,7
131,1,237.2727273,9,9,6
131,1,237.2727273,5,3,4
131,1,237.2727273,14,15,9
131,1,237.2727273,19,18,12
131,1,237.2727273,18,15,16
131,1,237.2727273,5,20,18
131,1,237.2727273,4,3,1
131,1,237.2727273,12,19,19
131,1,237.2727273,1,1,12
131,1,237.2727273,3,2,3
131,1,237.2727273,17,12,3
131,1,237.2727273,4,5,3
131,1,237.2727273,11,7,6
131,1,237.2727273,20,13,6
131,1,237.2727273,6,6,2
131,1,237.2727273,3,3,14
131,1,237.2727273,5,5,5
131,1,237.2727273,1,1,1
131,1,237.2727273,4,2,2
131,1,237.2727273,6,4,4
131,1,237.2727273,5,6,20
131,1,237.2727273,2,1,1
131,1,237.2727273,5,23,23
131,1,237.2727273,8,6,5
131,1,237.2727273,4,5,4
131,1,237.2727273,2,2,2
131,1,237.2727273,2,3,8
131,1,237.2727273,3,2,1
131,1,237.2727273,3,4,2
131,1,237.2727273,9,10,6
131,1,237.2727273,5,5,24
131,1,237.2727273,10,6,4
131,1,237.2727273,2,1,1
131,1,237.2727273,2,2,4
131,1,237.2727273,2,4,22
131,1,237.2727273,2,3,4
131,1,237.2727273,3,2,5
131,1,237.2727273,4,5,22
131,1,237.2727273,1,2,3
131,1,237.2727273,1,1,3
131,1,237.2727273,7,5,3
131,1,237.2727273,2,2,8
131,1,237.2727273,24,20,8
131,1,237.2727273,3,3,5
131,1,237.2727273,2,2,1
131,1,237.2727273,8,8,8
131,1,237.2727273,7,8,24
131,1,237.2727273,1,1,1
131,1,237.2727273,7,23,23
131,1,237.2727273,1,1,1
131,1,237.2727273,9,7,5
131,1,237.2727273,1,1,20
131,1,237.2727273,3,4,5
131,1,237.2727273,4,4,3
131,1,237.2727273,1,1,3
131,1,237.2727273,9,10,5
131,1,237.2727273,2,4,12
131,1,237.2727273,2,2,4
131,1,237.2727273,2,2,3
131,1,237.2727273,1,1,4
131,1,237.2727273,1,3,5
131,1,237.2727273,1,1,1
131,1,237.2727273,1,2,3
131,1,237.2727273,12,10,9
131,1,237.2727273,3,20,20
131,1,237.2727273,5,4,9
131,1,237.2727273,1,4,19
131,1,237.2727273,1,1,1
131,1,237.2727273,2,1,1
131,1,237.2727273,1,1,1
131,1,237.2727273,1,1,1
131,1,237.2727273,2,2,2
131,1,237.2727273,2,3,17
131,1,237.2727273,9,4,2
131,1,237.2727273,6,4,1
131,1,237.2727273,20,17,3
131,1,237.2727273,22,21,3
131,1,237.2727273,2,1,19
131,1,237.2727273,1,4,1
131,1,237.2727273,2,2,1
131,1,237.2727273,2,2,2
131,1,237.2727273,1,1,1
131,1,237.2727273,1,1,2
131,1,237.2727273,1,1,1
131,1,237.2727273,1,1,1
131,1,237.2727273,2,3,2
131,1,237.2727273,1,1,3
131,1,237.2727273,1,1,1
131,1,237.2727273,1,2,2
131,1,237.2727273,1,2,1
131,1,237.2727273,1,10,6
131,1,237.2727273,1,1,1
131,1,237.2727273,1,1,1
131,1,237.2727273,2,1,1
131,1,237.2727273,2,2,2
131,1,237.2727273,2,2,2
131,1,237.2727273,1,6,2
131,1,237.2727273,1,7,3
131,1,237.2727273,22,21,7
131,1,237.2727273,1,21,21
131,1,237.2727273,3,3,1
131,1,237.2727273,1,2,1
131,1,237.2727273,1,1,1
131,1,237.2727273,1,1,1
131,1,237.2727273,2,1,1
131,1,237.2727273,2,1,1
131,1,237.2727273,21,15,3
131,1,237.2727273,1,6,2
131,1,237.2727273,1,1,18
131,1,237.2727273,2,8,3
131,1,237.2727273,1,1,1
131,1,237.2727273,1,1,1
131,1,237.2727273,1,1,2
131,1,237.2727273,1,1,1
131,1,237.2727273,2,3,2
131,1,237.2727273,1,2,1
131,1,237.2727273,13,12,7
131,1,237.2727273,1,1,1
131,1,237.2727273,8,7,4
131,1,237.2727273,1,1,1
131,1,237.2727273,4,5,4
131,1,237.2727273,1,1,1
131,1,237.2727273,1,1,1
131,1,237.2727273,1,1,2
131,1,237.2727273,1,1,1
131,1,237.2727273,3,20,9
131,1,237.2727273,20,16,4
2,2,21.58333333,5,5,2
2,2,21.58333333,5,10,6
2,2,21.58333333,6,6,4
2,2,21.58333333,9,7,9
2,2,21.58333333,12,9,14
2,2,21.58333333,8,9,2
2,2,21.58333333,11,13,13
2,2,21.58333333,5,4,2
2,2,21.58333333,12,11,4
2,2,21.58333333,15,12,10
2,2,21.58333333,5,10,2
2,2,21.58333333,10,9,5
2,2,21.58333333,16,15,9
2,2,21.58333333,9,6,5
2,2,21.58333333,8,12,10
2,2,21.58333333,3,2,4
2,2,21.58333333,5,5,4
2,2,21.58333333,5,5,4
2,2,21.58333333,7,6,15
2,2,21.58333333,7,5,6
2,2,21.58333333,3,2,2
2,2,21.58333333,7,6,5
2,2,21.58333333,9,7,6
2,2,21.58333333,4,22,6
2,2,21.58333333,2,3,3
2,2,21.58333333,4,5,4
2,2,21.58333333,6,8,5
2,2,21.58333333,5,5,14
2,2,21.58333333,8,6,7
2,2,21.58333333,6,6,6
2,2,21.58333333,10,19,12
2,2,21.58333333,11,6,15
2,2,21.58333333,8,7,4
2,2,21.58333333,15,15,13
2,2,21.58333333,13,9,10
2,2,21.58333333,10,10,8
2,2,21.58333333,15,11,7
2,2,21.58333333,9,6,7
2,2,21.58333333,13,11,7
2,2,21.58333333,11,10,8
2,2,21.58333333,15,20,17
2,2,21.58333333,10,10,3
2,2,21.58333333,3,6,8
2,2,21.58333333,8,9,7
2,2,21.58333333,9,8,8
2,2,21.58333333,8,12,17
2,2,21.58333333,7,5,19
2,2,21.58333333,10,8,3
2,2,21.58333333,4,5,16
2,2,21.58333333,8,10,6
2,2,21.58333333,17,12,10
2,2,21.58333333,6,6,2
2,2,21.58333333,1,2,2
2,2,21.58333333,13,10,14
2,2,21.58333333,14,14,14
2,2,21.58333333,14,13,12
2,2,21.58333333,7,5,11
2,2,21.58333333,12,8,6
2,2,21.58333333,15,15,16
2,2,21.58333333,15,13,18
2,2,21.58333333,18,16,15
2,2,21.58333333,16,17,17
2,2,21.58333333,15,18,18
2,2,21.58333333,17,15,7
2,2,21.58333333,13,11,10
2,2,21.58333333,15,10,8
2,2,21.58333333,17,17,16
2,2,21.58333333,15,16,15
2,2,21.58333333,18,16,18
2,2,21.58333333,16,13,12
2,2,21.58333333,16,15,11
2,2,21.58333333,20,18,14
2,2,21.58333333,14,13,13
2,2,21.58333333,16,15,13
2,2,21.58333333,16,12,19
2,2,21.58333333,7,3,15
2,2,21.58333333,6,3,8
2,2,21.58333333,12,12,20
2,2,21.58333333,11,9,10
2,2,21.58333333,14,10,10
2,2,21.58333333,14,12,11
2,2,21.58333333,12,15,15
2,2,21.58333333,20,20,8
2,2,21.58333333,15,15,13
2,2,21.58333333,16,14,17
2,2,21.58333333,15,11,10
2,2,21.58333333,11,9,9
2,2,21.58333333,16,11,9
2,2,21.58333333,11,15,9
2,2,21.58333333,10,19,19
2,2,21.58333333,7,5,5
2,2,21.58333333,9,8,14
2,2,21.58333333,7,9,10
2,2,21.58333333,8,8,4
2,2,21.58333333,15,15,8
2,2,21.58333333,7,7,12
2,2,21.58333333,9,10,7
2,2,21.58333333,10,10,6
2,2,21.58333333,10,10,7
2,2,21.58333333,10,12,6
2,2,21.58333333,8,10,9
2,2,21.58333333,18,15,10
2,2,21.58333333,15,11,10
2,2,21.58333333,12,10,7
2,2,21.58333333,10,9,4
2,2,21.58333333,11,10,17
2,2,21.58333333,9,9,3
2,2,21.58333333,12,13,7
2,2,21.58333333,10,8,6
2,2,21.58333333,16,22,22
2,2,21.58333333,11,12,20
2,2,21.58333333,10,8,17
2,2,21.58333333,9,10,6
2,2,21.58333333,9,7,6
2,2,21.58333333,7,21,21
2,2,21.58333333,7,7,6
2,2,21.58333333,14,18,18
2,2,21.58333333,8,18,11
2,2,21.58333333,10,14,9
2,2,21.58333333,15,18,9
2,2,21.58333333,19,16,19
2,2,21.58333333,22,22,19
2,2,21.58333333,17,20,18
2,2,21.58333333,19,20,16
2,2,21.58333333,18,21,8
2,2,21.58333333,21,18,20
2,2,21.58333333,16,14,12
2,2,21.58333333,13,13,12
2,2,21.58333333,19,17,21
2,2,21.58333333,14,14,20
2,2,21.58333333,20,10,13
2,2,21.58333333,16,17,18
2,2,21.58333333,19,21,21
2,2,21.58333333,9,17,10
2,2,21.58333333,10,9,2
2,2,21.58333333,11,11,12
2,2,21.58333333,14,12,19
2,2,21.58333333,13,9,7
2,2,21.58333333,16,16,11
2,2,21.58333333,15,11,15
2,2,21.58333333,11,12,10
2,2,21.58333333,15,15,11
2,2,21.58333333,3,7,5
2,2,21.58333333,15,12,7
2,2,21.58333333,4,4,6
2,2,21.58333333,18,14,17
2,2,21.58333333,11,10,8
2,2,21.58333333,15,12,17
2,2,21.58333333,18,13,12
2,2,21.58333333,6,2,3
2,2,21.58333333,16,14,12
2,2,21.58333333,24,17,8
2,2,21.58333333,15,15,8
2,2,21.58333333,9,9,20
2,2,21.58333333,16,14,8
2,2,21.58333333,11,23,24
2,2,21.58333333,14,16,23
3,2,21.58333333,5,5,2
3,2,21.58333333,5,10,6
3,2,21.58333333,6,6,4
3,2,21.58333333,9,7,9
3,2,21.58333333,12,9,14
3,2,21.58333333,8,9,2
3,2,21.58333333,11,13,13
3,2,21.58333333,5,4,2
3,2,21.58333333,12,11,4
3,2,21.58333333,15,12,10
3,2,21.58333333,5,10,2
3,2,21.58333333,10,9,5
3,2,21.58333333,16,15,9
3,2,21.58333333,9,6,5
3,2,21.58333333,8,12,10
3,2,21.58333333,3,2,4
3,2,21.58333333,5,5,4
3,2,21.58333333,5,5,4
3,2,21.58333333,7,6,15
3,2,21.58333333,7,5,6
3,2,21.58333333,3,2,2
3,2,21.58333333,7,6,5
3,2,21.58333333,9,7,6
3,2,21.58333333,4,22,6
3,2,21.58333333,2,3,3
3,2,21.58333333,4,5,4
3,2,21.58333333,6,8,5
3,2,21.58333333,5,5,14
3,2,21.58333333,8,6,7
3,2,21.58333333,6,6,6
3,2,21.58333333,10,19,12
3,2,21.58333333,11,6,15
3,2,21.58333333,8,7,4
3,2,21.58333333,15,15,13
3,2,21.58333333,13,9,10
3,2,21.58333333,10,10,8
3,2,21.58333333,15,11,7
3,2,21.58333333,9,6,7
3,2,21.58333333,13,11,7
3,2,21.58333333,11,10,8
3,2,21.58333333,15,20,17
3,2,21.58333333,10,10,3
3,2,21.58333333,3,6,8
3,2,21.58333333,8,9,7
3,2,21.58333333,9,8,8
3,2,21.58333333,8,12,17
3,2,21.58333333,7,5,19
3,2,21.58333333,10,8,3
3,2,21.58333333,4,5,16
3,2,21.58333333,8,10,6
3,2,21.58333333,17,12,10
3,2,21.58333333,6,6,2
3,2,21.58333333,1,2,2
3,2,21.58333333,13,10,14
3,2,21.58333333,14,14,14
3,2,21.58333333,14,13,12
3,2,21.58333333,7,5,11
3,2,21.58333333,12,8,6
3,2,21.58333333,15,15,16
3,2,21.58333333,15,13,18
3,2,21.58333333,18,16,15
3,2,21.58333333,16,17,17
3,2,21.58333333,15,18,18
3,2,21.58333333,17,15,7
3,2,21.58333333,13,11,10
3,2,21.58333333,15,10,8
3,2,21.58333333,17,17,16
3,2,21.58333333,15,16,15
3,2,21.58333333,18,16,18
3,2,21.58333333,16,13,12
3,2,21.58333333,16,15,11
3,2,21.58333333,20,18,14
3,2,21.58333333,14,13,13
3,2,21.58333333,16,15,13
3,2,21.58333333,16,12,19
3,2,21.58333333,7,3,15
3,2,21.58333333,6,3,8
3,2,21.58333333,12,12,20
3,2,21.58333333,11,9,10
3,2,21.58333333,14,10,10
3,2,21.58333333,14,12,11
3,2,21.58333333,12,15,15
3,2,21.58333333,20,20,8
3,2,21.58333333,15,15,13
3,2,21.58333333,16,14,17
3,2,21.58333333,15,11,10
3,2,21.58333333,11,9,9
3,2,21.58333333,16,11,9
3,2,21.58333333,11,15,9
3,2,21.58333333,10,19,19
3,2,21.58333333,7,5,5
3,2,21.58333333,9,8,14
3,2,21.58333333,7,9,10
3,2,21.58333333,8,8,4
3,2,21.58333333,15,15,8
3,2,21.58333333,7,7,12
3,2,21.58333333,9,10,7
3,2,21.58333333,10,10,6
3,2,21.58333333,10,10,7
3,2,21.58333333,10,12,6
3,2,21.58333333,8,10,9
3,2,21.58333333,18,15,10
3,2,21.58333333,15,11,10
3,2,21.58333333,12,10,7
3,2,21.58333333,10,9,4
3,2,21.58333333,11,10,17
3,2,21.58333333,9,9,3
3,2,21.58333333,12,13,7
3,2,21.58333333,10,8,6
3,2,21.58333333,16,22,22
3,2,21.58333333,11,12,20
3,2,21.58333333,10,8,17
3,2,21.58333333,9,10,6
3,2,21.58333333,9,7,6
3,2,21.58333333,7,21,21
3,2,21.58333333,7,7,6
3,2,21.58333333,14,18,18
3,2,21.58333333,8,18,11
3,2,21.58333333,10,14,9
3,2,21.58333333,15,18,9
3,2,21.58333333,19,16,19
3,2,21.58333333,22,22,19
3,2,21.58333333,17,20,18
3,2,21.58333333,19,20,16
3,2,21.58333333,18,21,8
3,2,21.58333333,21,18,20
3,2,21.58333333,16,14,12
3,2,21.58333333,13,13,12
3,2,21.58333333,19,17,21
3,2,21.58333333,14,14,20
3,2,21.58333333,20,10,13
3,2,21.58333333,16,17,18
3,2,21.58333333,19,21,21
3,2,21.58333333,9,17,10
3,2,21.58333333,10,9,2
3,2,21.58333333,11,11,12
3,2,21.58333333,14,12,19
3,2,21.58333333,13,9,7
3,2,21.58333333,16,16,11
3,2,21.58333333,15,11,15
3,2,21.58333333,11,12,10
3,2,21.58333333,15,15,11
3,2,21.58333333,3,7,5
3,2,21.58333333,15,12,7
3,2,21.58333333,4,4,6
3,2,21.58333333,18,14,17
3,2,21.58333333,11,10,8
3,2,21.58333333,15,12,17
3,2,21.58333333,18,13,12
3,2,21.58333333,6,2,3
3,2,21.58333333,16,14,12
3,2,21.58333333,24,17,8
3,2,21.58333333,15,15,8
3,2,21.58333333,9,9,20
3,2,21.58333333,16,14,8
3,2,21.58333333,11,23,24
3,2,21.58333333,14,16,23
4,2,21.58333333,5,5,2
4,2,21.58333333,5,10,6
4,2,21.58333333,6,6,4
4,2,21.58333333,9,7,9
4,2,21.58333333,12,9,14
4,2,21.58333333,8,9,2
4,2,21.58333333,11,13,13
4,2,21.58333333,5,4,2
4,2,21.58333333,12,11,4
4,2,21.58333333,15,12,10
4,2,21.58333333,5,10,2
4,2,21.58333333,10,9,5
4,2,21.58333333,16,15,9
4,2,21.58333333,9,6,5
4,2,21.58333333,8,12,10
4,2,21.58333333,3,2,4
4,2,21.58333333,5,5,4
4,2,21.58333333,5,5,4
4,2,21.58333333,7,6,15
4,2,21.58333333,7,5,6
4,2,21.58333333,3,2,2
4,2,21.58333333,7,6,5
4,2,21.58333333,9,7,6
4,2,21.58333333,4,22,6
4,2,21.58333333,2,3,3
4,2,21.58333333,4,5,4
4,2,21.58333333,6,8,5
4,2,21.58333333,5,5,14
4,2,21.58333333,8,6,7
4,2,21.58333333,6,6,6
4,2,21.58333333,10,19,12
4,2,21.58333333,11,6,15
4,2,21.58333333,8,7,4
4,2,21.58333333,15,15,13
4,2,21.58333333,13,9,10
4,2,21.58333333,10,10,8
4,2,21.58333333,15,11,7
4,2,21.58333333,9,6,7
4,2,21.58333333,13,11,7
4,2,21.58333333,11,10,8
4,2,21.58333333,15,20,17
4,2,21.58333333,10,10,3
4,2,21.58333333,3,6,8
4,2,21.58333333,8,9,7
4,2,21.58333333,9,8,8
4,2,21.58333333,8,12,17
4,2,21.58333333,7,5,19
4,2,21.58333333,10,8,3
4,2,21.58333333,4,5,16
4,2,21.58333333,8,10,6
4,2,21.58333333,17,12,10
4,2,21.58333333,6,6,2
4,2,21.58333333,1,2,2
4,2,21.58333333,13,10,14
4,2,21.58333333,14,14,14
4,2,21.58333333,14,13,12
4,2,21.58333333,7,5,11
4,2,21.58333333,12,8,6
4,2,21.58333333,15,15,16
4,2,21.58333333,15,13,18
4,2,21.58333333,18,16,15
4,2,21.58333333,16,17,17
4,2,21.58333333,15,18,18
4,2,21.58333333,17,15,7
4,2,21.58333333,13,11,10
4,2,21.58333333,15,10,8
4,2,21.58333333,17,17,16
4,2,21.58333333,15,16,15
4,2,21.58333333,18,16,18
4,2,21.58333333,16,13,12
4,2,21.58333333,16,15,11
4,2,21.58333333,20,18,14
4,2,21.58333333,14,13,13
4,2,21.58333333,16,15,13
4,2,21.58333333,16,12,19
4,2,21.58333333,7,3,15
4,2,21.58333333,6,3,8
4,2,21.58333333,12,12,20
4,2,21.58333333,11,9,10
4,2,21.58333333,14,10,10
4,2,21.58333333,14,12,11
4,2,21.58333333,12,15,15
4,2,21.58333333,20,20,8
4,2,21.58333333,15,15,13
4,2,21.58333333,16,14,17
4,2,21.58333333,15,11,10
4,2,21.58333333,11,9,9
4,2,21.58333333,16,11,9
4,2,21.58333333,11,15,9
4,2,21.58333333,10,19,19
4,2,21.58333333,7,5,5
4,2,21.58333333,9,8,14
4,2,21.58333333,7,9,10
4,2,21.58333333,8,8,4
4,2,21.58333333,15,15,8
4,2,21.58333333,7,7,12
4,2,21.58333333,9,10,7
4,2,21.58333333,10,10,6
4,2,21.58333333,10,10,7
4,2,21.58333333,10,12,6
4,2,21.58333333,8,10,9
4,2,21.58333333,18,15,10
4,2,21.58333333,15,11,10
4,2,21.58333333,12,10,7
4,2,21.58333333,10,9,4
4,2,21.58333333,11,10,17
4,2,21.58333333,9,9,3
4,2,21.58333333,12,13,7
4,2,21.58333333,10,8,6
4,2,21.58333333,16,22,22
4,2,21.58333333,11,12,20
4,2,21.58333333,10,8,17
4,2,21.58333333,9,10,6
4,2,21.58333333,9,7,6
4,2,21.58333333,7,21,21
4,2,21.58333333,7,7,6
4,2,21.58333333,14,18,18
4,2,21.58333333,8,18,11
4,2,21.58333333,10,14,9
4,2,21.58333333,15,18,9
4,2,21.58333333,19,16,19
4,2,21.58333333,22,22,19
4,2,21.58333333,17,20,18
4,2,21.58333333,19,20,16
4,2,21.58333333,18,21,8
4,2,21.58333333,21,18,20
4,2,21.58333333,16,14,12
4,2,21.58333333,13,13,12
4,2,21.58333333,19,17,21
4,2,21.58333333,14,14,20
4,2,21.58333333,20,10,13
4,2,21.58333333,16,17,18
4,2,21.58333333,19,21,21
4,2,21.58333333,9,17,10
4,2,21.58333333,10,9,2
4,2,21.58333333,11,11,12
4,2,21.58333333,14,12,19
4,2,21.58333333,13,9,7
4,2,21.58333333,16,16,11
4,2,21.58333333,15,11,15
4,2,21.58333333,11,12,10
4,2,21.58333333,15,15,11
4,2,21.58333333,3,7,5
4,2,21.58333333,15,12,7
4,2,21.58333333,4,4,6
4,2,21.58333333,18,14,17
4,2,21.58333333,11,10,8
4,2,21.58333333,15,12,17
4,2,21.58333333,18,13,12
4,2,21.58333333,6,2,3
4,2,21.58333333,16,14,12
4,2,21.58333333,24,17,8
4,2,21.58333333,15,15,8
4,2,21.58333333,9,9,20
4,2,21.58333333,16,14,8
4,2,21.58333333,11,23,24
4,2,21.58333333,14,16,23
15,2,21.58333333,5,5,2
15,2,21.58333333,5,10,6
15,2,21.58333333,6,6,4
15,2,21.58333333,9,7,9
15,2,21.58333333,12,9,14
15,2,21.58333333,8,9,2
15,2,21.58333333,11,13,13
15,2,21.58333333,5,4,2
15,2,21.58333333,12,11,4
15,2,21.58333333,15,12,10
15,2,21.58333333,5,10,2
15,2,21.58333333,10,9,5
15,2,21.58333333,16,15,9
15,2,21.58333333,9,6,5
15,2,21.58333333,8,12,10
15,2,21.58333333,3,2,4
15,2,21.58333333,5,5,4
15,2,21.58333333,5,5,4
15,2,21.58333333,7,6,15
15,2,21.58333333,7,5,6
15,2,21.58333333,3,2,2
15,2,21.58333333,7,6,5
15,2,21.58333333,9,7,6
15,2,21.58333333,4,22,6
15,2,21.58333333,2,3,3
15,2,21.58333333,4,5,4
15,2,21.58333333,6,8,5
15,2,21.58333333,5,5,14
15,2,21.58333333,8,6,7
15,2,21.58333333,6,6,6
15,2,21.58333333,10,19,12
15,2,21.58333333,11,6,15
15,2,21.58333333,8,7,4
15,2,21.58333333,15,15,13
15,2,21.58333333,13,9,10
15,2,21.58333333,10,10,8
15,2,21.58333333,15,11,7
15,2,21.58333333,9,6,7
15,2,21.58333333,13,11,7
15,2,21.58333333,11,10,8
15,2,21.58333333,15,20,17
15,2,21.58333333,10,10,3
15,2,21.58333333,3,6,8
15,2,21.58333333,8,9,7
15,2,21.58333333,9,8,8
15,2,21.58333333,8,12,17
15,2,21.58333333,7,5,19
15,2,21.58333333,10,8,3
15,2,21.58333333,4,5,16
15,2,21.58333333,8,10,6
15,2,21.58333333,17,12,10
15,2,21.58333333,6,6,2
15,2,21.58333333,1,2,2
15,2,21.58333333,13,10,14
15,2,21.58333333,14,14,14
15,2,21.58333333,14,13,12
15,2,21.58333333,7,5,11
15,2,21.58333333,12,8,6
15,2,21.58333333,15,15,16
15,2,21.58333333,15,13,18
15,2,21.58333333,18,16,15
15,2,21.58333333,16,17,17
15,2,21.58333333,15,18,18
15,2,21.58333333,17,15,7
15,2,21.58333333,13,11,10
15,2,21.58333333,15,10,8
15,2,21.58333333,17,17,16
15,2,21.58333333,15,16,15
15,2,21.58333333,18,16,18
15,2,21.58333333,16,13,12
15,2,21.58333333,16,15,11
15,2,21.58333333,20,18,14
15,2,21.58333333,14,13,13
15,2,21.58333333,16,15,13
15,2,21.58333333,16,12,19
15,2,21.58333333,7,3,15
15,2,21.58333333,6,3,8
15,2,21.58333333,12,12,20
15,2,21.58333333,11,9,10
15,2,21.58333333,14,10,10
15,2,21.58333333,14,12,11
15,2,21.58333333,12,15,15
15,2,21.58333333,20,20,8
15,2,21.58333333,15,15,13
15,2,21.58333333,16,14,17
15,2,21.58333333,15,11,10
15,2,21.58333333,11,9,9
15,2,21.58333333,16,11,9
15,2,21.58333333,11,15,9
15,2,21.58333333,10,19,19
15,2,21.58333333,7,5,5
15,2,21.58333333,9,8,14
15,2,21.58333333,7,9,10
15,2,21.58333333,8,8,4
15,2,21.58333333,15,15,8
15,2,21.58333333,7,7,12
15,2,21.58333333,9,10,7
15,2,21.58333333,10,10,6
15,2,21.58333333,10,10,7
15,2,21.58333333,10,12,6
15,2,21.58333333,8,10,9
15,2,21.58333333,18,15,10
15,2,21.58333333,15,11,10
15,2,21.58333333,12,10,7
15,2,21.58333333,10,9,4
15,2,21.58333333,11,10,17
15,2,21.58333333,9,9,3
15,2,21.58333333,12,13,7
15,2,21.58333333,10,8,6
15,2,21.58333333,16,22,22
15,2,21.58333333,11,12,20
15,2,21.58333333,10,8,17
15,2,21.58333333,9,10,6
15,2,21.58333333,9,7,6
15,2,21.58333333,7,21,21
15,2,21.58333333,7,7,6
15,2,21.58333333,14,18,18
15,2,21.58333333,8,18,11
15,2,21.58333333,10,14,9
15,2,21.58333333,15,18,9
15,2,21.58333333,19,16,19
15,2,21.58333333,22,22,19
15,2,21.58333333,17,20,18
15,2,21.58333333,19,20,16
15,2,21.58333333,18,21,8
15,2,21.58333333,21,18,20
15,2,21.58333333,16,14,12
15,2,21.58333333,13,13,12
15,2,21.58333333,19,17,21
15,2,21.58333333,14,14,20
15,2,21.58333333,20,10,13
15,2,21.58333333,16,17,18
15,2,21.58333333,19,21,21
15,2,21.58333333,9,17,10
15,2,21.58333333,10,9,2
15,2,21.58333333,11,11,12
15,2,21.58333333,14,12,19
15,2,21.58333333,13,9,7
15,2,21.58333333,16,16,11
15,2,21.58333333,15,11,15
15,2,21.58333333,11,12,10
15,2,21.58333333,15,15,11
15,2,21.58333333,3,7,5
15,2,21.58333333,15,12,7
15,2,21.58333333,4,4,6
15,2,21.58333333,18,14,17
15,2,21.58333333,11,10,8
15,2,21.58333333,15,12,17
15,2,21.58333333,18,13,12
15,2,21.58333333,6,2,3
15,2,21.58333333,16,14,12
15,2,21.58333333,24,17,8
15,2,21.58333333,15,15,8
15,2,21.58333333,9,9,20
15,2,21.58333333,16,14,8
15,2,21.58333333,11,23,24
15,2,21.58333333,14,16,23
17,2,21.58333333,5,5,2
17,2,21.58333333,5,10,6
17,2,21.58333333,6,6,4
17,2,21.58333333,9,7,9
17,2,21.58333333,12,9,14
17,2,21.58333333,8,9,2
17,2,21.58333333,11,13,13
17,2,21.58333333,5,4,2
17,2,21.58333333,12,11,4
17,2,21.58333333,15,12,10
17,2,21.58333333,5,10,2
17,2,21.58333333,10,9,5
17,2,21.58333333,16,15,9
17,2,21.58333333,9,6,5
17,2,21.58333333,8,12,10
17,2,21.58333333,3,2,4
17,2,21.58333333,5,5,4
17,2,21.58333333,5,5,4
17,2,21.58333333,7,6,15
17,2,21.58333333,7,5,6
17,2,21.58333333,3,2,2
17,2,21.58333333,7,6,5
17,2,21.58333333,9,7,6
17,2,21.58333333,4,22,6
17,2,21.58333333,2,3,3
17,2,21.58333333,4,5,4
17,2,21.58333333,6,8,5
17,2,21.58333333,5,5,14
17,2,21.58333333,8,6,7
17,2,21.58333333,6,6,6
17,2,21.58333333,10,19,12
17,2,21.58333333,11,6,15
17,2,21.58333333,8,7,4
17,2,21.58333333,15,15,13
17,2,21.58333333,13,9,10
17,2,21.58333333,10,10,8
17,2,21.58333333,15,11,7
17,2,21.58333333,9,6,7
17,2,21.58333333,13,11,7
17,2,21.58333333,11,10,8
17,2,21.58333333,15,20,17
17,2,21.58333333,10,10,3
17,2,21.58333333,3,6,8
17,2,21.58333333,8,9,7
17,2,21.58333333,9,8,8
17,2,21.58333333,8,12,17
17,2,21.58333333,7,5,19
17,2,21.58333333,10,8,3
17,2,21.58333333,4,5,16
17,2,21.58333333,8,10,6
17,2,21.58333333,17,12,10
17,2,21.58333333,6,6,2
17,2,21.58333333,1,2,2
17,2,21.58333333,13,10,14
17,2,21.58333333,14,14,14
17,2,21.58333333,14,13,12
17,2,21.58333333,7,5,11
17,2,21.58333333,12,8,6
17,2,21.58333333,15,15,16
17,2,21.58333333,15,13,18
17,2,21.58333333,18,16,15
17,2,21.58333333,16,17,17
17,2,21.58333333,15,18,18
17,2,21.58333333,17,15,7
17,2,21.58333333,13,11,10
17,2,21.58333333,15,10,8
17,2,21.58333333,17,17,16
17,2,21.58333333,15,16,15
17,2,21.58333333,18,16,18
17,2,21.58333333,16,13,12
17,2,21.58333333,16,15,11
17,2,21.58333333,20,18,14
17,2,21.58333333,14,13,13
17,2,21.58333333,16,15,13
17,2,21.58333333,16,12,19
17,2,21.58333333,7,3,15
17,2,21.58333333,6,3,8
17,2,21.58333333,12,12,20
17,2,21.58333333,11,9,10
17,2,21.58333333,14,10,10
17,2,21.58333333,14,12,11
17,2,21.58333333,12,15,15
17,2,21.58333333,20,20,8
17,2,21.58333333,15,15,13
17,2,21.58333333,16,14,17
17,2,21.58333333,15,11,10
17,2,21.58333333,11,9,9
17,2,21.58333333,16,11,9
17,2,21.58333333,11,15,9
17,2,21.58333333,10,19,19
17,2,21.58333333,7,5,5
17,2,21.58333333,9,8,14
17,2,21.58333333,7,9,10
17,2,21.58333333,8,8,4
17,2,21.58333333,15,15,8
17,2,21.58333333,7,7,12
17,2,21.58333333,9,10,7
17,2,21.58333333,10,10,6
17,2,21.58333333,10,10,7
17,2,21.58333333,10,12,6
17,2,21.58333333,8,10,9
17,2,21.58333333,18,15,10
17,2,21.58333333,15,11,10
17,2,21.58333333,12,10,7
17,2,21.58333333,10,9,4
17,2,21.58333333,11,10,17
17,2,21.58333333,9,9,3
17,2,21.58333333,12,13,7
17,2,21.58333333,10,8,6
17,2,21.58333333,16,22,22
17,2,21.58333333,11,12,20
17,2,21.58333333,10,8,17
17,2,21.58333333,9,10,6
17,2,21.58333333,9,7,6
17,2,21.58333333,7,21,21
17,2,21.58333333,7,7,6
17,2,21.58333333,14,18,18
17,2,21.58333333,8,18,11
17,2,21.58333333,10,14,9
17,2,21.58333333,15,18,9
17,2,21.58333333,19,16,19
17,2,21.58333333,22,22,19
17,2,21.58333333,17,20,18
17,2,21.58333333,19,20,16
17,2,21.58333333,18,21,8
17,2,21.58333333,21,18,20
17,2,21.58333333,16,14,12
17,2,21.58333333,13,13,12
17,2,21.58333333,19,17,21
17,2,21.58333333,14,14,20
17,2,21.58333333,20,10,13
17,2,21.58333333,16,17,18
17,2,21.58333333,19,21,21
17,2,21.58333333,9,17,10
17,2,21.58333333,10,9,2
17,2,21.58333333,11,11,12
17,2,21.58333333,14,12,19
17,2,21.58333333,13,9,7
17,2,21.58333333,16,16,11
17,2,21.58333333,15,11,15
17,2,21.58333333,11,12,10
17,2,21.58333333,15,15,11
17,2,21.58333333,3,7,5
17,2,21.58333333,15,12,7
17,2,21.58333333,4,4,6
17,2,21.58333333,18,14,17
17,2,21.58333333,11,10,8
17,2,21.58333333,15,12,17
17,2,21.58333333,18,13,12
17,2,21.58333333,6,2,3
17,2,21.58333333,16,14,12
17,2,21.58333333,24,17,8
17,2,21.58333333,15,15,8
17,2,21.58333333,9,9,20
17,2,21.58333333,16,14,8
17,2,21.58333333,11,23,24
17,2,21.58333333,14,16,23
20,2,21.58333333,5,5,2
20,2,21.58333333,5,10,6
20,2,21.58333333,6,6,4
20,2,21.58333333,9,7,9
20,2,21.58333333,12,9,14
20,2,21.58333333,8,9,2
20,2,21.58333333,11,13,13
20,2,21.58333333,5,4,2
20,2,21.58333333,12,11,4
20,2,21.58333333,15,12,10
20,2,21.58333333,5,10,2
20,2,21.58333333,10,9,5
20,2,21.58333333,16,15,9
20,2,21.58333333,9,6,5
20,2,21.58333333,8,12,10
20,2,21.58333333,3,2,4
20,2,21.58333333,5,5,4
20,2,21.58333333,5,5,4
20,2,21.58333333,7,6,15
20,2,21.58333333,7,5,6
20,2,21.58333333,3,2,2
20,2,21.58333333,7,6,5
20,2,21.58333333,9,7,6
20,2,21.58333333,4,22,6
20,2,21.58333333,2,3,3
20,2,21.58333333,4,5,4
20,2,21.58333333,6,8,5
20,2,21.58333333,5,5,14
20,2,21.58333333,8,6,7
20,2,21.58333333,6,6,6
20,2,21.58333333,10,19,12
20,2,21.58333333,11,6,15
20,2,21.58333333,8,7,4
20,2,21.58333333,15,15,13
20,2,21.58333333,13,9,10
20,2,21.58333333,10,10,8
20,2,21.58333333,15,11,7
20,2,21.58333333,9,6,7
20,2,21.58333333,13,11,7
20,2,21.58333333,11,10,8
20,2,21.58333333,15,20,17
20,2,21.58333333,10,10,3
20,2,21.58333333,3,6,8
20,2,21.58333333,8,9,7
20,2,21.58333333,9,8,8
20,2,21.58333333,8,12,17
20,2,21.58333333,7,5,19
20,2,21.58333333,10,8,3
20,2,21.58333333,4,5,16
20,2,21.58333333,8,10,6
20,2,21.58333333,17,12,10
20,2,21.58333333,6,6,2
20,2,21.58333333,1,2,2
20,2,21.58333333,13,10,14
20,2,21.58333333,14,14,14
20,2,21.58333333,14,13,12
20,2,21.58333333,7,5,11
20,2,21.58333333,12,8,6
20,2,21.58333333,15,15,16
20,2,21.58333333,15,13,18
20,2,21.58333333,18,16,15
20,2,21.58333333,16,17,17
20,2,21.58333333,15,18,18
20,2,21.58333333,17,15,7
20,2,21.58333333,13,11,10
20,2,21.58333333,15,10,8
20,2,21.58333333,17,17,16
20,2,21.58333333,15,16,15
20,2,21.58333333,18,16,18
20,2,21.58333333,16,13,12
20,2,21.58333333,16,15,11
20,2,21.58333333,20,18,14
20,2,21.58333333,14,13,13
20,2,21.58333333,16,15,13
20,2,21.58333333,16,12,19
20,2,21.58333333,7,3,15
20,2,21.58333333,6,3,8
20,2,21.58333333,12,12,20
20,2,21.58333333,11,9,10
20,2,21.58333333,14,10,10
20,2,21.58333333,14,12,11
20,2,21.58333333,12,15,15
20,2,21.58333333,20,20,8
20,2,21.58333333,15,15,13
20,2,21.58333333,16,14,17
20,2,21.58333333,15,11,10
20,2,21.58333333,11,9,9
20,2,21.58333333,16,11,9
20,2,21.58333333,11,15,9
20,2,21.58333333,10,19,19
20,2,21.58333333,7,5,5
20,2,21.58333333,9,8,14
20,2,21.58333333,7,9,10
20,2,21.58333333,8,8,4
20,2,21.58333333,15,15,8
20,2,21.58333333,7,7,12
20,2,21.58333333,9,10,7
20,2,21.58333333,10,10,6
20,2,21.58333333,10,10,7
20,2,21.58333333,10,12,6
20,2,21.58333333,8,10,9
20,2,21.58333333,18,15,10
20,2,21.58333333,15,11,10
20,2,21.58333333,12,10,7
20,2,21.58333333,10,9,4
20,2,21.58333333,11,10,17
20,2,21.58333333,9,9,3
20,2,21.58333333,12,13,7
20,2,21.58333333,10,8,6
20,2,21.58333333,16,22,22
20,2,21.58333333,11,12,20
20,2,21.58333333,10,8,17
20,2,21.58333333,9,10,6
20,2,21.58333333,9,7,6
20,2,21.58333333,7,21,21
20,2,21.58333333,7,7,6
20,2,21.58333333,14,18,18
20,2,21.58333333,8,18,11
20,2,21.58333333,10,14,9
20,2,21.58333333,15,18,9
20,2,21.58333333,19,16,19
20,2,21.58333333,22,22,19
20,2,21.58333333,17,20,18
20,2,21.58333333,19,20,16
20,2,21.58333333,18,21,8
20,2,21.58333333,21,18,20
20,2,21.58333333,16,14,12
20,2,21.58333333,13,13,12
20,2,21.58333333,19,17,21
20,2,21.58333333,14,14,20
20,2,21.58333333,20,10,13
20,2,21.58333333,16,17,18
20,2,21.58333333,19,21,21
20,2,21.58333333,9,17,10
20,2,21.58333333,10,9,2
20,2,21.58333333,11,11,12
20,2,21.58333333,14,12,19
20,2,21.58333333,13,9,7
20,2,21.58333333,16,16,11
20,2,21.58333333,15,11,15
20,2,21.58333333,11,12,10
20,2,21.58333333,15,15,11
20,2,21.58333333,3,7,5
20,2,21.58333333,15,12,7
20,2,21.58333333,4,4,6
20,2,21.58333333,18,14,17
20,2,21.58333333,11,10,8
20,2,21.58333333,15,12,17
20,2,21.58333333,18,13,12
20,2,21.58333333,6,2,3
20,2,21.58333333,16,14,12
20,2,21.58333333,24,17,8
20,2,21.58333333,15,15,8
20,2,21.58333333,9,9,20
20,2,21.58333333,16,14,8
20,2,21.58333333,11,23,24
20,2,21.58333333,14,16,23
3,3,144.9545455,7,4,3
3,3,144.9545455,16,14,14
3,3,144.9545455,8,7,8
3,3,144.9545455,15,11,14
3,3,144.9545455,6,6,16
3,3,144.9545455,5,4,10
3,3,144.9545455,19,19,16
3,3,144.9545455,20,16,9
3,3,144.9545455,13,14,10
3,3,144.9545455,14,17,14
3,3,144.9545455,15,13,12
3,3,144.9545455,5,4,14
3,3,144.9545455,15,18,11
3,3,144.9545455,14,13,15
3,3,144.9545455,18,13,12
3,3,144.9545455,12,12,7
3,3,144.9545455,6,7,19
3,3,144.9545455,10,13,10
3,3,144.9545455,11,9,6
3,3,144.9545455,5,6,12
3,3,144.9545455,7,5,10
3,3,144.9545455,9,7,9
3,3,144.9545455,17,14,12
3,3,144.9545455,11,17,20
3,3,144.9545455,4,4,7
3,3,144.9545455,8,8,6
3,3,144.9545455,5,5,6
3,3,144.9545455,16,15,18
3,3,144.9545455,15,19,16
3,3,144.9545455,10,9,4
3,3,144.9545455,12,21,7
3,3,144.9545455,3,7,21
3,3,144.9545455,14,21,21
3,3,144.9545455,13,13,11
3,3,144.9545455,22,19,7
3,3,144.9545455,13,14,11
3,3,144.9545455,8,6,19
3,3,144.9545455,12,9,9
3,3,144.9545455,6,5,21
3,3,144.9545455,18,17,14
3,3,144.9545455,14,20,20
3,3,144.9545455,18,19,17
3,3,144.9545455,12,11,22
3,3,144.9545455,15,13,11
3,3,144.9545455,10,12,10
3,3,144.9545455,13,22,22
3,3,144.9545455,5,6,6
3,3,144.9545455,4,1,8
3,3,144.9545455,7,7,15
3,3,144.9545455,9,10,9
3,3,144.9545455,9,7,8
3,3,144.9545455,6,6,6
3,3,144.9545455,7,6,5
3,3,144.9545455,15,9,4
3,3,144.9545455,5,5,4
3,3,144.9545455,10,8,8
3,3,144.9545455,18,14,16
3,3,144.9545455,7,8,5
3,3,144.9545455,7,3,16
3,3,144.9545455,5,4,5
3,3,144.9545455,6,5,5
3,3,144.9545455,2,3,3
3,3,144.9545455,4,4,3
3,3,144.9545455,8,11,13
3,3,144.9545455,6,8,7
3,3,144.9545455,10,13,6
3,3,144.9545455,5,4,3
3,3,144.9545455,9,9,8
3,3,144.9545455,6,7,22
3,3,144.9545455,14,9,6
3,3,144.9545455,7,4,5
3,3,144.9545455,6,9,17
3,3,144.9545455,13,11,6
3,3,144.9545455,7,7,17
3,3,144.9545455,9,13,12
3,3,144.9545455,4,4,5
3,3,144.9545455,7,7,7
3,3,144.9545455,7,5,11
3,3,144.9545455,6,6,11
3,3,144.9545455,9,12,6
3,3,144.9545455,6,5,7
3,3,144.9545455,7,4,9
3,3,144.9545455,5,1,6
3,3,144.9545455,9,23,23
3,3,144.9545455,23,21,10
3,3,144.9545455,6,7,7
3,3,144.9545455,7,4,12
3,3,144.9545455,7,6,13
3,3,144.9545455,1,1,1
3,3,144.9545455,5,9,5
3,3,144.9545455,6,4,7
3,3,144.9545455,2,2,2
3,3,144.9545455,5,5,6
3,3,144.9545455,11,15,15
3,3,144.9545455,21,16,10
3,3,144.9545455,13,11,10
3,3,144.9545455,23,13,11
3,3,144.9545455,6,11,7
3,3,144.9545455,13,24,24
3,3,144.9545455,9,11,15
3,3,144.9545455,6,6,20
3,3,144.9545455,6,7,4
3,3,144.9545455,4,5,19
3,3,144.9545455,1,1,9
3,3,144.9545455,1,1,6
3,3,144.9545455,1,1,1
3,3,144.9545455,4,3,5
3,3,144.9545455,2,3,1
3,3,144.9545455,11,12,9
3,3,144.9545455,4,12,19
3,3,144.9545455,4,3,4
3,3,144.9545455,6,6,6
3,3,144.9545455,6,4,8
3,3,144.9545455,2,2,5
3,3,144.9545455,3,1,1
3,3,144.9545455,3,2,2
3,3,144.9545455,1,2,2
3,3,144.9545455,4,6,2
3,3,144.9545455,2,2,2
3,3,144.9545455,1,1,1
3,3,144.9545455,1,1,2
3,3,144.9545455,3,3,1
3,3,144.9545455,1,1,18
3,3,144.9545455,1,1,1
3,3,144.9545455,1,1,4
3,3,144.9545455,1,2,2
3,3,144.9545455,2,1,2
3,3,144.9545455,1,1,2
3,3,144.9545455,1,1,1
3,3,144.9545455,2,2,2
3,3,144.9545455,3,3,3
3,3,144.9545455,2,2,2
3,3,144.9545455,3,4,3
3,3,144.9545455,1,1,1
3,3,144.9545455,2,2,1
3,3,144.9545455,2,2,2
3,3,144.9545455,2,1,1
3,3,144.9545455,2,4,2
3,3,144.9545455,2,3,8
3,3,144.9545455,2,4,2
3,3,144.9545455,4,6,17
3,3,144.9545455,1,4,2
3,3,144.9545455,1,1,1
3,3,144.9545455,1,1,1
3,3,144.9545455,2,3,1
3,3,144.9545455,2,1,1
3,3,144.9545455,1,2,1
3,3,144.9545455,2,22,22
3,3,144.9545455,2,2,7
3,3,144.9545455,2,10,5
3,3,144.9545455,6,5,4
3,3,144.9545455,2,2,3
3,3,144.9545455,1,2,2
3,3,144.9545455,1,4,4
3,3,144.9545455,1,1,1
3,3,144.9545455,2,1,1
3,3,144.9545455,2,17,3
3,3,144.9545455,1,1,1
3,3,144.9545455,2,2,2
3,3,144.9545455,2,2,2
131,3,144.9545455,7,4,3
131,3,144.9545455,16,14,14
131,3,144.9545455,8,7,8
131,3,144.9545455,15,11,14
131,3,144.9545455,6,6,16
131,3,144.9545455,5,4,10
131,3,144.9545455,19,19,16
131,3,144.9545455,20,16,9
131,3,144.9545455,13,14,10
131,3,144.9545455,14,17,14
131,3,144.9545455,15,13,12
131,3,144.9545455,5,4,14
131,3,144.9545455,15,18,11
131,3,144.9545455,14,13,15
131,3,144.9545455,18,13,12
131,3,144.9545455,12,12,7
131,3,144.9545455,6,7,19
131,3,144.9545455,10,13,10
131,3,144.9545455,11,9,6
131,3,144.9545455,5,6,12
131,3,144.9545455,7,5,10
131,3,144.9545455,9,7,9
131,3,144.9545455,17,14,12
131,3,144.9545455,11,17,20
131,3,144.9545455,4,4,7
131,3,144.9545455,8,8,6
131,3,144.9545455,5,5,6
131,3,144.9545455,16,15,18
131,3,144.9545455,15,19,16
131,3,144.9545455,10,9,4
131,3,144.9545455,12,21,7
131,3,144.9545455,3,7,21
131,3,144.9545455,14,21,21
131,3,144.9545455,13,13,11
131,3,144.9545455,22,19,7
131,3,144.9545455,13,14,11
131,3,144.9545455,8,6,19
131,3,144.9545455,12,9,9
131,3,144.9545455,6,5,21
131,3,144.9545455,18,17,14
131,3,144.9545455,14,20,20
131,3,144.9545455,18,19,17
131,3,144.9545455,12,11,22
131,3,144.9545455,15,13,11
131,3,144.9545455,10,12,10
131,3,144.9545455,13,22,22
131,3,144.9545455,5,6,6
131,3,144.9545455,4,1,8
131,3,144.9545455,7,7,15
131,3,144.9545455,9,10,9
131,3,144.9545455,9,7,8
131,3,144.9545455,6,6,6
131,3,144.9545455,7,6,5
131,3,144.9545455,15,9,4
131,3,144.9545455,5,5,4
131,3,144.9545455,10,8,8
131,3,144.9545455,18,14,16
131,3,144.9545455,7,8,5
131,3,144.9545455,7,3,16
131,3,144.9545455,5,4,5
131,3,144.9545455,6,5,5
131,3,144.9545455,2,3,3
131,3,144.9545455,4,4,3
131,3,144.9545455,8,11,13
131,3,144.9545455,6,8,7
131,3,144.9545455,10,13,6
131,3,144.9545455,5,4,3
131,3,144.9545455,9,9,8
131,3,144.9545455,6,7,22
131,3,144.9545455,14,9,6
131,3,144.9545455,7,4,5
131,3,144.9545455,6,9,17
131,3,144.9545455,13,11,6
131,3,144.9545455,7,7,17
131,3,144.9545455,9,13,12
131,3,144.9545455,4,4,5
131,3,144.9545455,7,7,7
131,3,144.9545455,7,5,11
131,3,144.9545455,6,6,11
131,3,144.9545455,9,12,6
131,3,144.9545455,6,5,7
131,3,144.9545455,7,4,9
131,3,144.9545455,5,1,6
131,3,144.9545455,9,23,23
131,3,144.9545455,23,21,10
131,3,144.9545455,6,7,7
131,3,144.9545455,7,4,12
131,3,144.9545455,7,6,13
131,3,144.9545455,1,1,1
131,3,144.9545455,5,9,5
131,3,144.9545455,6,4,7
131,3,144.9545455,2,2,2
131,3,144.9545455,5,5,6
131,3,144.9545455,11,15,15
131,3,144.9545455,21,16,10
131,3,144.9545455,13,11,10
131,3,144.9545455,23,13,11
131,3,144.9545455,6,11,7
131,3,144.9545455,13,24,24
131,3,144.9545455,9,11,15
131,3,144.9545455,6,6,20
131,3,144.9545455,6,7,4
131,3,144.9545455,4,5,19
131,3,144.9545455,1,1,9
131,3,144.9545455,1,1,6
131,3,144.9545455,1,1,1
131,3,144.9545455,4,3,5
131,3,144.9545455,2,3,1
131,3,144.9545455,11,12,9
131,3,144.9545455,4,12,19
131,3,144.9545455,4,3,4
131,3,144.9545455,6,6,6
131,3,144.9545455,6,4,8
131,3,144.9545455,2,2,5
131,3,144.9545455,3,1,1
131,3,144.9545455,3,2,2
131,3,144.9545455,1,2,2
131,3,144.9545455,4,6,2
131,3,144.9545455,2,2,2
131,3,144.9545455,1,1,1
131,3,144.9545455,1,1,2
131,3,144.9545455,3,3,1
131,3,144.9545455,1,1,18
131,3,144.9545455,1,1,1
131,3,144.9545455,1,1,4
131,3,144.9545455,1,2,2
131,3,144.9545455,2,1,2
131,3,144.9545455,1,1,2
131,3,144.9545455,1,1,1
131,3,144.9545455,2,2,2
131,3,144.9545455,3,3,3
131,3,144.9545455,2,2,2
131,3,144.9545455,3,4,3
131,3,144.9545455,1,1,1
131,3,144.9545455,2,2,1
131,3,144.9545455,2,2,2
131,3,144.9545455,2,1,1
131,3,144.9545455,2,4,2
131,3,144.9545455,2,3,8
131,3,144.9545455,2,4,2
131,3,144.9545455,4,6,17
131,3,144.9545455,1,4,2
131,3,144.9545455,1,1,1
131,3,144.9545455,1,1,1
131,3,144.9545455,2,3,1
131,3,144.9545455,2,1,1
131,3,144.9545455,1,2,1
131,3,144.9545455,2,22,22
131,3,144.9545455,2,2,7
131,3,144.9545455,2,10,5
131,3,144.9545455,6,5,4
131,3,144.9545455,2,2,3
131,3,144.9545455,1,2,2
131,3,144.9545455,1,4,4
131,3,144.9545455,1,1,1
131,3,144.9545455,2,1,1
131,3,144.9545455,2,17,3
131,3,144.9545455,1,1,1
131,3,144.9545455,2,2,2
131,3,144.9545455,2,2,2
1,4,115.5625,11,9,4
1,4,115.5625,7,9,8
1,4,115.5625,10,8,10
1,4,115.5625,2,3,15
1,4,115.5625,7,5,10
1,4,115.5625,4,5,16
1,4,115.5625,3,4,8
1,4,115.5625,6,6,6
1,4,115.5625,5,6,11
1,4,115.5625,7,6,4
1,4,115.5625,6,4,4
1,4,115.5625,8,7,4
1,4,115.5625,4,2,1
1,4,115.5625,4,4,4
1,4,115.5625,6,6,2
1,4,115.5625,2,4,2
1,4,115.5625,2,1,1
1,4,115.5625,4,3,5
1,4,115.5625,2,4,3
1,4,115.5625,1,1,1
1,4,115.5625,2,3,7
1,4,115.5625,10,8,7
1,4,115.5625,3,3,2
1,4,115.5625,2,3,1
1,4,115.5625,6,8,4
1,4,115.5625,1,1,1
1,4,115.5625,3,3,3
1,4,115.5625,2,2,21
1,4,115.5625,4,4,2
1,4,115.5625,4,3,3
1,4,115.5625,4,2,1
1,4,115.5625,7,3,2
1,4,115.5625,3,2,1
1,4,115.5625,5,4,2
1,4,115.5625,1,1,2
1,4,115.5625,1,1,1
1,4,115.5625,1,1,1
1,4,115.5625,1,1,1
1,4,115.5625,1,1,1
1,4,115.5625,3,3,2
1,4,115.5625,7,6,5
1,4,115.5625,15,6,14
1,4,115.5625,10,7,19
1,4,115.5625,1,1,2
1,4,115.5625,5,4,1
1,4,115.5625,4,4,2
1,4,115.5625,13,10,3
1,4,115.5625,1,1,1
1,4,115.5625,1,1,1
1,4,115.5625,2,2,1
1,4,115.5625,3,2,2
1,4,115.5625,2,2,4
1,4,115.5625,6,5,1
1,4,115.5625,3,2,17
1,4,115.5625,1,1,1
1,4,115.5625,1,2,2
1,4,115.5625,3,2,1
1,4,115.5625,6,10,11
1,4,115.5625,2,2,2
1,4,115.5625,4,4,2
1,4,115.5625,1,1,3
1,4,115.5625,16,8,3
1,4,115.5625,1,1,1
1,4,115.5625,5,3,3
1,4,115.5625,19,10,7
1,4,115.5625,16,19,6
1,4,115.5625,6,9,4
1,4,115.5625,8,6,4
1,4,115.5625,3,2,12
1,4,115.5625,6,3,5
1,4,115.5625,5,3,13
1,4,115.5625,1,1,2
1,4,115.5625,16,14,10
1,4,115.5625,5,2,3
1,4,115.5625,5,3,3
1,4,115.5625,3,2,16
1,4,115.5625,4,2,16
1,4,115.5625,6,3,4
1,4,115.5625,11,10,5
1,4,115.5625,8,15,4
1,4,115.5625,10,8,7
1,4,115.5625,1,1,3
1,4,115.5625,10,10,3
1,4,115.5625,8,6,6
1,4,115.5625,3,3,2
1,4,115.5625,8,6,5
1,4,115.5625,4,4,4
1,4,115.5625,8,7,4
1,4,115.5625,7,7,18
1,4,115.5625,8,7,18
1,4,115.5625,8,4,4
1,4,115.5625,1,1,1
1,4,115.5625,20,17,8
1,4,115.5625,5,3,18
1,4,115.5625,19,19,12
1,4,115.5625,21,18,13
1,4,115.5625,19,21,19
1,4,115.5625,18,20,22
1,4,115.5625,18,16,13
1,4,115.5625,18,16,13
1,4,115.5625,22,20,19
1,4,115.5625,21,21,14
1,4,115.5625,21,20,17
1,4,115.5625,21,19,16
1,4,115.5625,21,19,10
1,4,115.5625,18,17,18
1,4,115.5625,20,22,22
1,4,115.5625,21,16,13
1,4,115.5625,18,18,11
1,4,115.5625,10,14,5
1,4,115.5625,9,4,11
1,4,115.5625,2,2,9
1,4,115.5625,7,8,8
1,4,115.5625,8,6,5
1,4,115.5625,9,9,7
1,4,115.5625,10,12,14
1,4,115.5625,12,11,7
1,4,115.5625,1,1,18
1,4,115.5625,13,10,15
1,4,115.5625,8,9,5
1,4,115.5625,16,16,10
1,4,115.5625,10,20,20
1,4,115.5625,3,2,1
1,4,115.5625,3,18,4
1,4,115.5625,19,16,13
1,4,115.5625,3,1,4
1,4,115.5625,4,4,2
1,4,115.5625,24,23,6
1,4,115.5625,3,3,3
1,4,115.5625,3,5,14
1,4,115.5625,2,2,1
1,4,115.5625,3,2,2
1,4,115.5625,10,22,21
1,4,115.5625,1,2,1
1,4,115.5625,4,4,3
1,4,115.5625,5,4,3
1,4,115.5625,5,9,4
1,4,115.5625,5,7,6
1,4,115.5625,5,6,7
1,4,115.5625,4,1,5
1,4,115.5625,4,3,2
1,4,115.5625,2,2,22
1,4,115.5625,3,3,1
1,4,115.5625,4,3,2
1,4,115.5625,5,5,3
1,4,115.5625,8,5,4
1,4,115.5625,4,1,3
1,4,115.5625,5,5,2
1,4,115.5625,5,4,4
1,4,115.5625,12,8,5
1,4,115.5625,8,5,1
1,4,115.5625,9,8,9
1,4,115.5625,9,5,7
1,4,115.5625,2,1,2
1,4,115.5625,5,4,3
1,4,115.5625,3,3,5
1,4,115.5625,1,1,2
1,4,115.5625,1,1,1
1,4,115.5625,6,5,5
1,4,115.5625,5,22,22
1,4,115.5625,10,7,3
1,4,115.5625,6,23,23
1,4,115.5625,7,5,2
1,4,115.5625,5,3,2
1,4,115.5625,3,2,22
1,4,115.5625,3,2,1
1,4,115.5625,3,3,8
1,4,115.5625,5,3,1
1,4,115.5625,6,6,7
1,4,115.5625,6,5,2
1,4,115.5625,9,9,3
1,4,115.5625,8,8,4
1,4,115.5625,5,4,5
1,4,115.5625,9,5,2
1,4,115.5625,5,4,2
1,4,115.5625,8,6,4
1,4,115.5625,3,3,3
1,4,115.5625,5,6,4
1,4,115.5625,4,5,4
1,4,115.5625,9,7,9
1,4,115.5625,5,3,3
1,4,115.5625,7,7,6
1,4,115.5625,5,6,4
1,4,115.5625,7,8,6
1,4,115.5625,4,5,5
1,4,115.5625,16,14,6
1,4,115.5625,7,4,5
1,4,115.5625,5,4,2
1,4,115.5625,4,4,7
1,4,115.5625,7,7,21
1,4,115.5625,5,5,22
1,4,115.5625,8,7,6
1,4,115.5625,18,15,18
1,4,115.5625,18,16,12
1,4,115.5625,14,13,11
1,4,115.5625,13,12,20
1,4,115.5625,13,11,19
1,4,115.5625,13,11,20
1,4,115.5625,19,20,20
1,4,115.5625,17,9,10
1,4,115.5625,15,12,5
1,4,115.5625,20,14,13
1,4,115.5625,16,12,18
1,4,115.5625,12,9,11
1,4,115.5625,18,20,20
1,4,115.5625,20,16,15
1,4,115.5625,11,10,21
1,4,115.5625,11,13,12
1,4,115.5625,10,9,19
1,4,115.5625,9,8,5
1,4,115.5625,10,8,11
1,4,115.5625,14,14,18
1,4,115.5625,9,9,13
1,4,115.5625,7,6,7
1,4,115.5625,13,11,12
1,4,115.5625,22,12,7
1,4,115.5625,12,9,14
1,4,115.5625,22,12,7
1,4,115.5625,15,15,16
1,4,115.5625,11,12,13
1,4,115.5625,10,9,10
1,4,115.5625,12,11,14
1,4,115.5625,13,8,16
1,4,115.5625,15,15,14
1,4,115.5625,7,11,12
1,4,115.5625,12,12,16
1,4,115.5625,12,19,19
1,4,115.5625,20,16,18
1,4,115.5625,7,7,6
1,4,115.5625,10,8,18
1,4,115.5625,19,17,17
1,4,115.5625,10,11,11
1,4,115.5625,20,17,11
1,4,115.5625,18,16,10
1,4,115.5625,6,5,8
4,4,115.5625,11,9,4
4,4,115.5625,7,9,8
4,4,115.5625,10,8,10
4,4,115.5625,2,3,15
4,4,115.5625,7,5,10
4,4,115.5625,4,5,16
4,4,115.5625,3,4,8
4,4,115.5625,6,6,6
4,4,115.5625,5,6,11
4,4,115.5625,7,6,4
4,4,115.5625,6,4,4
4,4,115.5625,8,7,4
4,4,115.5625,4,2,1
4,4,115.5625,4,4,4
4,4,115.5625,6,6,2
4,4,115.5625,2,4,2
4,4,115.5625,2,1,1
4,4,115.5625,4,3,5
4,4,115.5625,2,4,3
4,4,115.5625,1,1,1
4,4,115.5625,2,3,7
4,4,115.5625,10,8,7
4,4,115.5625,3,3,2
4,4,115.5625,2,3,1
4,4,115.5625,6,8,4
4,4,115.5625,1,1,1
4,4,115.5625,3,3,3
4,4,115.5625,2,2,21
4,4,115.5625,4,4,2
4,4,115.5625,4,3,3
4,4,115.5625,4,2,1
4,4,115.5625,7,3,2
4,4,115.5625,3,2,1
4,4,115.5625,5,4,2
4,4,115.5625,1,1,2
4,4,115.5625,1,1,1
4,4,115.5625,1,1,1
4,4,115.5625,1,1,1
4,4,115.5625,1,1,1
4,4,115.5625,3,3,2
4,4,115.5625,7,6,5
4,4,115.5625,15,6,14
4,4,115.5625,10,7,19
4,4,115.5625,1,1,2
4,4,115.5625,5,4,1
4,4,115.5625,4,4,2
4,4,115.5625,13,10,3
4,4,115.5625,1,1,1
4,4,115.5625,1,1,1
4,4,115.5625,2,2,1
4,4,115.5625,3,2,2
4,4,115.5625,2,2,4
4,4,115.5625,6,5,1
4,4,115.5625,3,2,17
4,4,115.5625,1,1,1
4,4,115.5625,1,2,2
4,4,115.5625,3,2,1
4,4,115.5625,6,10,11
4,4,115.5625,2,2,2
4,4,115.5625,4,4,2
4,4,115.5625,1,1,3
4,4,115.5625,16,8,3
4,4,115.5625,1,1,1
4,4,115.5625,5,3,3
4,4,115.5625,19,10,7
4,4,115.5625,16,19,6
4,4,115.5625,6,9,4
4,4,115.5625,8,6,4
4,4,115.5625,3,2,12
4,4,115.5625,6,3,5
4,4,115.5625,5,3,13
4,4,115.5625,1,1,2
4,4,115.5625,16,14,10
4,4,115.5625,5,2,3
4,4,115.5625,5,3,3
4,4,115.5625,3,2,16
4,4,115.5625,4,2,16
4,4,115.5625,6,3,4
4,4,115.5625,11,10,5
4,4,115.5625,8,15,4
4,4,115.5625,10,8,7
4,4,115.5625,1,1,3
4,4,115.5625,10,10,3
4,4,115.5625,8,6,6
4,4,115.5625,3,3,2
4,4,115.5625,8,6,5
4,4,115.5625,4,4,4
4,4,115.5625,8,7,4
4,4,115.5625,7,7,18
4,4,115.5625,8,7,18
4,4,115.5625,8,4,4
4,4,115.5625,1,1,1
4,4,115.5625,20,17,8
4,4,115.5625,5,3,18
4,4,115.5625,19,19,12
4,4,115.5625,21,18,13
4,4,115.5625,19,21,19
4,4,115.5625,18,20,22
4,4,115.5625,18,16,13
4,4,115.5625,18,16,13
4,4,115.5625,22,20,19
4,4,115.5625,21,21,14
4,4,115.5625,21,20,17
4,4,115.5625,21,19,16
4,4,115.5625,21,19,10
4,4,115.5625,18,17,18
4,4,115.5625,20,22,22
4,4,115.5625,21,16,13
4,4,115.5625,18,18,11
4,4,115.5625,10,14,5
4,4,115.5625,9,4,11
4,4,115.5625,2,2,9
4,4,115.5625,7,8,8
4,4,115.5625,8,6,5
4,4,115.5625,9,9,7
4,4,115.5625,10,12,14
4,4,115.5625,12,11,7
4,4,115.5625,1,1,18
4,4,115.5625,13,10,15
4,4,115.5625,8,9,5
4,4,115.5625,16,16,10
4,4,115.5625,10,20,20
4,4,115.5625,3,2,1
4,4,115.5625,3,18,4
4,4,115.5625,19,16,13
4,4,115.5625,3,1,4
4,4,115.5625,4,4,2
4,4,115.5625,24,23,6
4,4,115.5625,3,3,3
4,4,115.5625,3,5,14
4,4,115.5625,2,2,1
4,4,115.5625,3,2,2
4,4,115.5625,10,22,21
4,4,115.5625,1,2,1
4,4,115.5625,4,4,3
4,4,115.5625,5,4,3
4,4,115.5625,5,9,4
4,4,115.5625,5,7,6
4,4,115.5625,5,6,7
4,4,115.5625,4,1,5
4,4,115.5625,4,3,2
4,4,115.5625,2,2,22
4,4,115.5625,3,3,1
4,4,115.5625,4,3,2
4,4,115.5625,5,5,3
4,4,115.5625,8,5,4
4,4,115.5625,4,1,3
4,4,115.5625,5,5,2
4,4,115.5625,5,4,4
4,4,115.5625,12,8,5
4,4,115.5625,8,5,1
4,4,115.5625,9,8,9
4,4,115.5625,9,5,7
4,4,115.5625,2,1,2
4,4,115.5625,5,4,3
4,4,115.5625,3,3,5
4,4,115.5625,1,1,2
4,4,115.5625,1,1,1
4,4,115.5625,6,5,5
4,4,115.5625,5,22,22
4,4,115.5625,10,7,3
4,4,115.5625,6,23,23
4,4,115.5625,7,5,2
4,4,115.5625,5,3,2
4,4,115.5625,3,2,22
4,4,115.5625,3,2,1
4,4,115.5625,3,3,8
4,4,115.5625,5,3,1
4,4,115.5625,6,6,7
4,4,115.5625,6,5,2
4,4,115.5625,9,9,3
4,4,115.5625,8,8,4
4,4,115.5625,5,4,5
4,4,115.5625,9,5,2
4,4,115.5625,5,4,2
4,4,115.5625,8,6,4
4,4,115.5625,3,3,3
4,4,115.5625,5,6,4
4,4,115.5625,4,5,4
4,4,115.5625,9,7,9
4,4,115.5625,5,3,3
4,4,115.5625,7,7,6
4,4,115.5625,5,6,4
4,4,115.5625,7,8,6
4,4,115.5625,4,5,5
4,4,115.5625,16,14,6
4,4,115.5625,7,4,5
4,4,115.5625,5,4,2
4,4,115.5625,4,4,7
4,4,115.5625,7,7,21
4,4,115.5625,5,5,22
4,4,115.5625,8,7,6
4,4,115.5625,18,15,18
4,4,115.5625,18,16,12
4,4,115.5625,14,13,11
4,4,115.5625,13,12,20
4,4,115.5625,13,11,19
4,4,115.5625,13,11,20
4,4,115.5625,19,20,20
4,4,115.5625,17,9,10
4,4,115.5625,15,12,5
4,4,115.5625,20,14,13
4,4,115.5625,16,12,18
4,4,115.5625,12,9,11
4,4,115.5625,18,20,20
4,4,115.5625,20,16,15
4,4,115.5625,11,10,21
4,4,115.5625,11,13,12
4,4,115.5625,10,9,19
4,4,115.5625,9,8,5
4,4,115.5625,10,8,11
4,4,115.5625,14,14,18
4,4,115.5625,9,9,13
4,4,115.5625,7,6,7
4,4,115.5625,13,11,12
4,4,115.5625,22,12,7
4,4,115.5625,12,9,14
4,4,115.5625,22,12,7
4,4,115.5625,15,15,16
4,4,115.5625,11,12,13
4,4,115.5625,10,9,10
4,4,115.5625,12,11,14
4,4,115.5625,13,8,16
4,4,115.5625,15,15,14
4,4,115.5625,7,11,12
4,4,115.5625,12,12,16
4,4,115.5625,12,19,19
4,4,115.5625,20,16,18
4,4,115.5625,7,7,6
4,4,115.5625,10,8,18
4,4,115.5625,19,17,17
4,4,115.5625,10,11,11
4,4,115.5625,20,17,11
4,4,115.5625,18,16,10
4,4,115.5625,6,5,8
6,4,115.5625,11,9,4
6,4,115.5625,7,9,8
6,4,115.5625,10,8,10
6,4,115.5625,2,3,15
6,4,115.5625,7,5,10
6,4,115.5625,4,5,16
6,4,115.5625,3,4,8
6,4,115.5625,6,6,6
6,4,115.5625,5,6,11
6,4,115.5625,7,6,4
6,4,115.5625,6,4,4
6,4,115.5625,8,7,4
6,4,115.5625,4,2,1
6,4,115.5625,4,4,4
6,4,115.5625,6,6,2
6,4,115.5625,2,4,2
6,4,115.5625,2,1,1
6,4,115.5625,4,3,5
6,4,115.5625,2,4,3
6,4,115.5625,1,1,1
6,4,115.5625,2,3,7
6,4,115.5625,10,8,7
6,4,115.5625,3,3,2
6,4,115.5625,2,3,1
6,4,115.5625,6,8,4
6,4,115.5625,1,1,1
6,4,115.5625,3,3,3
6,4,115.5625,2,2,21
6,4,115.5625,4,4,2
6,4,115.5625,4,3,3
6,4,115.5625,4,2,1
6,4,115.5625,7,3,2
6,4,115.5625,3,2,1
6,4,115.5625,5,4,2
6,4,115.5625,1,1,2
6,4,115.5625,1,1,1
6,4,115.5625,1,1,1
6,4,115.5625,1,1,1
6,4,115.5625,1,1,1
6,4,115.5625,3,3,2
6,4,115.5625,7,6,5
6,4,115.5625,15,6,14
6,4,115.5625,10,7,19
6,4,115.5625,1,1,2
6,4,115.5625,5,4,1
6,4,115.5625,4,4,2
6,4,115.5625,13,10,3
6,4,115.5625,1,1,1
6,4,115.5625,1,1,1
6,4,115.5625,2,2,1
6,4,115.5625,3,2,2
6,4,115.5625,2,2,4
6,4,115.5625,6,5,1
6,4,115.5625,3,2,17
6,4,115.5625,1,1,1
6,4,115.5625,1,2,2
6,4,115.5625,3,2,1
6,4,115.5625,6,10,11
6,4,115.5625,2,2,2
6,4,115.5625,4,4,2
6,4,115.5625,1,1,3
6,4,115.5625,16,8,3
6,4,115.5625,1,1,1
6,4,115.5625,5,3,3
6,4,115.5625,19,10,7
6,4,115.5625,16,19,6
6,4,115.5625,6,9,4
6,4,115.5625,8,6,4
6,4,115.5625,3,2,12
6,4,115.5625,6,3,5
6,4,115.5625,5,3,13
6,4,115.5625,1,1,2
6,4,115.5625,16,14,10
6,4,115.5625,5,2,3
6,4,115.5625,5,3,3
6,4,115.5625,3,2,16
6,4,115.5625,4,2,16
6,4,115.5625,6,3,4
6,4,115.5625,11,10,5
6,4,115.5625,8,15,4
6,4,115.5625,10,8,7
6,4,115.5625,1,1,3
6,4,115.5625,10,10,3
6,4,115.5625,8,6,6
6,4,115.5625,3,3,2
6,4,115.5625,8,6,5
6,4,115.5625,4,4,4
6,4,115.5625,8,7,4
6,4,115.5625,7,7,18
6,4,115.5625,8,7,18
6,4,115.5625,8,4,4
6,4,115.5625,1,1,1
6,4,115.5625,20,17,8
6,4,115.5625,5,3,18
6,4,115.5625,19,19,12
6,4,115.5625,21,18,13
6,4,115.5625,19,21,19
6,4,115.5625,18,20,22
6,4,115.5625,18,16,13
6,4,115.5625,18,16,13
6,4,115.5625,22,20,19
6,4,115.5625,21,21,14
6,4,115.5625,21,20,17
6,4,115.5625,21,19,16
6,4,115.5625,21,19,10
6,4,115.5625,18,17,18
6,4,115.5625,20,22,22
6,4,115.5625,21,16,13
6,4,115.5625,18,18,11
6,4,115.5625,10,14,5
6,4,115.5625,9,4,11
6,4,115.5625,2,2,9
6,4,115.5625,7,8,8
6,4,115.5625,8,6,5
6,4,115.5625,9,9,7
6,4,115.5625,10,12,14
6,4,115.5625,12,11,7
6,4,115.5625,1,1,18
6,4,115.5625,13,10,15
6,4,115.5625,8,9,5
6,4,115.5625,16,16,10
6,4,115.5625,10,20,20
6,4,115.5625,3,2,1
6,4,115.5625,3,18,4
6,4,115.5625,19,16,13
6,4,115.5625,3,1,4
6,4,115.5625,4,4,2
6,4,115.5625,24,23,6
6,4,115.5625,3,3,3
6,4,115.5625,3,5,14
6,4,115.5625,2,2,1
6,4,115.5625,3,2,2
6,4,115.5625,10,22,21
6,4,115.5625,1,2,1
6,4,115.5625,4,4,3
6,4,115.5625,5,4,3
6,4,115.5625,5,9,4
6,4,115.5625,5,7,6
6,4,115.5625,5,6,7
6,4,115.5625,4,1,5
6,4,115.5625,4,3,2
6,4,115.5625,2,2,22
6,4,115.5625,3,3,1
6,4,115.5625,4,3,2
6,4,115.5625,5,5,3
6,4,115.5625,8,5,4
6,4,115.5625,4,1,3
6,4,115.5625,5,5,2
6,4,115.5625,5,4,4
6,4,115.5625,12,8,5
6,4,115.5625,8,5,1
6,4,115.5625,9,8,9
6,4,115.5625,9,5,7
6,4,115.5625,2,1,2
6,4,115.5625,5,4,3
6,4,115.5625,3,3,5
6,4,115.5625,1,1,2
6,4,115.5625,1,1,1
6,4,115.5625,6,5,5
6,4,115.5625,5,22,22
6,4,115.5625,10,7,3
6,4,115.5625,6,23,23
6,4,115.5625,7,5,2
6,4,115.5625,5,3,2
6,4,115.5625,3,2,22
6,4,115.5625,3,2,1
6,4,115.5625,3,3,8
6,4,115.5625,5,3,1
6,4,115.5625,6,6,7
6,4,115.5625,6,5,2
6,4,115.5625,9,9,3
6,4,115.5625,8,8,4
6,4,115.5625,5,4,5
6,4,115.5625,9,5,2
6,4,115.5625,5,4,2
6,4,115.5625,8,6,4
6,4,115.5625,3,3,3
6,4,115.5625,5,6,4
6,4,115.5625,4,5,4
6,4,115.5625,9,7,9
6,4,115.5625,5,3,3
6,4,115.5625,7,7,6
6,4,115.5625,5,6,4
6,4,115.5625,7,8,6
6,4,115.5625,4,5,5
6,4,115.5625,16,14,6
6,4,115.5625,7,4,5
6,4,115.5625,5,4,2
6,4,115.5625,4,4,7
6,4,115.5625,7,7,21
6,4,115.5625,5,5,22
6,4,115.5625,8,7,6
6,4,115.5625,18,15,18
6,4,115.5625,18,16,12
6,4,115.5625,14,13,11
6,4,115.5625,13,12,20
6,4,115.5625,13,11,19
6,4,115.5625,13,11,20
6,4,115.5625,19,20,20
6,4,115.5625,17,9,10
6,4,115.5625,15,12,5
6,4,115.5625,20,14,13
6,4,115.5625,16,12,18
6,4,115.5625,12,9,11
6,4,115.5625,18,20,20
6,4,115.5625,20,16,15
6,4,115.5625,11,10,21
6,4,115.5625,11,13,12
6,4,115.5625,10,9,19
6,4,115.5625,9,8,5
6,4,115.5625,10,8,11
6,4,115.5625,14,14,18
6,4,115.5625,9,9,13
6,4,115.5625,7,6,7
6,4,115.5625,13,11,12
6,4,115.5625,22,12,7
6,4,115.5625,12,9,14
6,4,115.5625,22,12,7
6,4,115.5625,15,15,16
6,4,115.5625,11,12,13
6,4,115.5625,10,9,10
6,4,115.5625,12,11,14
6,4,115.5625,13,8,16
6,4,115.5625,15,15,14
6,4,115.5625,7,11,12
6,4,115.5625,12,12,16
6,4,115.5625,12,19,19
6,4,115.5625,20,16,18
6,4,115.5625,7,7,6
6,4,115.5625,10,8,18
6,4,115.5625,19,17,17
6,4,115.5625,10,11,11
6,4,115.5625,20,17,11
6,4,115.5625,18,16,10
6,4,115.5625,6,5,8
18,4,115.5625,11,9,4
18,4,115.5625,7,9,8
18,4,115.5625,10,8,10
18,4,115.5625,2,3,15
18,4,115.5625,7,5,10
18,4,115.5625,4,5,16
18,4,115.5625,3,4,8
18,4,115.5625,6,6,6
18,4,115.5625,5,6,11
18,4,115.5625,7,6,4
18,4,115.5625,6,4,4
18,4,115.5625,8,7,4
18,4,115.5625,4,2,1
18,4,115.5625,4,4,4
18,4,115.5625,6,6,2
18,4,115.5625,2,4,2
18,4,115.5625,2,1,1
18,4,115.5625,4,3,5
18,4,115.5625,2,4,3
18,4,115.5625,1,1,1
18,4,115.5625,2,3,7
18,4,115.5625,10,8,7
18,4,115.5625,3,3,2
18,4,115.5625,2,3,1
18,4,115.5625,6,8,4
18,4,115.5625,1,1,1
18,4,115.5625,3,3,3
18,4,115.5625,2,2,21
18,4,115.5625,4,4,2
18,4,115.5625,4,3,3
18,4,115.5625,4,2,1
18,4,115.5625,7,3,2
18,4,115.5625,3,2,1
18,4,115.5625,5,4,2
18,4,115.5625,1,1,2
18,4,115.5625,1,1,1
18,4,115.5625,1,1,1
18,4,115.5625,1,1,1
18,4,115.5625,1,1,1
18,4,115.5625,3,3,2
18,4,115.5625,7,6,5
18,4,115.5625,15,6,14
18,4,115.5625,10,7,19
18,4,115.5625,1,1,2
18,4,115.5625,5,4,1
18,4,115.5625,4,4,2
18,4,115.5625,13,10,3
18,4,115.5625,1,1,1
18,4,115.5625,1,1,1
18,4,115.5625,2,2,1
18,4,115.5625,3,2,2
18,4,115.5625,2,2,4
18,4,115.5625,6,5,1
18,4,115.5625,3,2,17
18,4,115.5625,1,1,1
18,4,115.5625,1,2,2
18,4,115.5625,3,2,1
18,4,115.5625,6,10,11
18,4,115.5625,2,2,2
18,4,115.5625,4,4,2
18,4,115.5625,1,1,3
18,4,115.5625,16,8,3
18,4,115.5625,1,1,1
18,4,115.5625,5,3,3
18,4,115.5625,19,10,7
18,4,115.5625,16,19,6
18,4,115.5625,6,9,4
18,4,115.5625,8,6,4
18,4,115.5625,3,2,12
18,4,115.5625,6,3,5
18,4,115.5625,5,3,13
18,4,115.5625,1,1,2
18,4,115.5625,16,14,10
18,4,115.5625,5,2,3
18,4,115.5625,5,3,3
18,4,115.5625,3,2,16
18,4,115.5625,4,2,16
18,4,115.5625,6,3,4
18,4,115.5625,11,10,5
18,4,115.5625,8,15,4
18,4,115.5625,10,8,7
18,4,115.5625,1,1,3
18,4,115.5625,10,10,3
18,4,115.5625,8,6,6
18,4,115.5625,3,3,2
18,4,115.5625,8,6,5
18,4,115.5625,4,4,4
18,4,115.5625,8,7,4
18,4,115.5625,7,7,18
18,4,115.5625,8,7,18
18,4,115.5625,8,4,4
18,4,115.5625,1,1,1
18,4,115.5625,20,17,8
18,4,115.5625,5,3,18
18,4,115.5625,19,19,12
18,4,115.5625,21,18,13
18,4,115.5625,19,21,19
18,4,115.5625,18,20,22
18,4,115.5625,18,16,13
18,4,115.5625,18,16,13
18,4,115.5625,22,20,19
18,4,115.5625,21,21,14
18,4,115.5625,21,20,17
18,4,115.5625,21,19,16
18,4,115.5625,21,19,10
18,4,115.5625,18,17,18
18,4,115.5625,20,22,22
18,4,115.5625,21,16,13
18,4,115.5625,18,18,11
18,4,115.5625,10,14,5
18,4,115.5625,9,4,11
18,4,115.5625,2,2,9
18,4,115.5625,7,8,8
18,4,115.5625,8,6,5
18,4,115.5625,9,9,7
18,4,115.5625,10,12,14
18,4,115.5625,12,11,7
18,4,115.5625,1,1,18
18,4,115.5625,13,10,15
18,4,115.5625,8,9,5
18,4,115.5625,16,16,10
18,4,115.5625,10,20,20
18,4,115.5625,3,2,1
18,4,115.5625,3,18,4
18,4,115.5625,19,16,13
18,4,115.5625,3,1,4
18,4,115.5625,4,4,2
18,4,115.5625,24,23,6
18,4,115.5625,3,3,3
18,4,115.5625,3,5,14
18,4,115.5625,2,2,1
18,4,115.5625,3,2,2
18,4,115.5625,10,22,21
18,4,115.5625,1,2,1
18,4,115.5625,4,4,3
18,4,115.5625,5,4,3
18,4,115.5625,5,9,4
18,4,115.5625,5,7,6
18,4,115.5625,5,6,7
18,4,115.5625,4,1,5
18,4,115.5625,4,3,2
18,4,115.5625,2,2,22
18,4,115.5625,3,3,1
18,4,115.5625,4,3,2
18,4,115.5625,5,5,3
18,4,115.5625,8,5,4
18,4,115.5625,4,1,3
18,4,115.5625,5,5,2
18,4,115.5625,5,4,4
18,4,115.5625,12,8,5
18,4,115.5625,8,5,1
18,4,115.5625,9,8,9
18,4,115.5625,9,5,7
18,4,115.5625,2,1,2
18,4,115.5625,5,4,3
18,4,115.5625,3,3,5
18,4,115.5625,1,1,2
18,4,115.5625,1,1,1
18,4,115.5625,6,5,5
18,4,115.5625,5,22,22
18,4,115.5625,10,7,3
18,4,115.5625,6,23,23
18,4,115.5625,7,5,2
18,4,115.5625,5,3,2
18,4,115.5625,3,2,22
18,4,115.5625,3,2,1
18,4,115.5625,3,3,8
18,4,115.5625,5,3,1
18,4,115.5625,6,6,7
18,4,115.5625,6,5,2
18,4,115.5625,9,9,3
18,4,115.5625,8,8,4
18,4,115.5625,5,4,5
18,4,115.5625,9,5,2
18,4,115.5625,5,4,2
18,4,115.5625,8,6,4
18,4,115.5625,3,3,3
18,4,115.5625,5,6,4
18,4,115.5625,4,5,4
18,4,115.5625,9,7,9
18,4,115.5625,5,3,3
18,4,115.5625,7,7,6
18,4,115.5625,5,6,4
18,4,115.5625,7,8,6
18,4,115.5625,4,5,5
18,4,115.5625,16,14,6
18,4,115.5625,7,4,5
18,4,115.5625,5,4,2
18,4,115.5625,4,4,7
18,4,115.5625,7,7,21
18,4,115.5625,5,5,22
18,4,115.5625,8,7,6
18,4,115.5625,18,15,18
18,4,115.5625,18,16,12
18,4,115.5625,14,13,11
18,4,115.5625,13,12,20
18,4,115.5625,13,11,19
18,4,115.5625,13,11,20
18,4,115.5625,19,20,20
18,4,115.5625,17,9,10
18,4,115.5625,15,12,5
18,4,115.5625,20,14,13
18,4,115.5625,16,12,18
18,4,115.5625,12,9,11
18,4,115.5625,18,20,20
18,4,115.5625,20,16,15
18,4,115.5625,11,10,21
18,4,115.5625,11,13,12
18,4,115.5625,10,9,19
18,4,115.5625,9,8,5
18,4,115.5625,10,8,11
18,4,115.5625,14,14,18
18,4,115.5625,9,9,13
18,4,115.5625,7,6,7
18,4,115.5625,13,11,12
18,4,115.5625,22,12,7
18,4,115.5625,12,9,14
18,4,115.5625,22,12,7
18,4,115.5625,15,15,16
18,4,115.5625,11,12,13
18,4,115.5625,10,9,10
18,4,115.5625,12,11,14
18,4,115.5625,13,8,16
18,4,115.5625,15,15,14
18,4,115.5625,7,11,12
18,4,115.5625,12,12,16
18,4,115.5625,12,19,19
18,4,115.5625,20,16,18
18,4,115.5625,7,7,6
18,4,115.5625,10,8,18
18,4,115.5625,19,17,17
18,4,115.5625,10,11,11
18,4,115.5625,20,17,11
18,4,115.5625,18,16,10
18,4,115.5625,6,5,8
1,5,15,3,3,5
1,5,15,8,7,3
1,5,15,5,4,5
1,5,15,6,6,17
1,5,15,4,19,8
1,5,15,7,7,9
1,5,15,10,9,4
1,5,15,1,1,5
1,5,15,3,3,5
1,5,15,2,3,1
1,5,15,3,11,10
1,5,15,2,2,2
1,5,15,3,3,17
1,5,15,5,5,18
1,5,15,5,7,7
1,5,15,13,11,10
1,5,15,11,10,8
1,5,15,12,9,9
1,5,15,8,8,7
1,5,15,15,16,13
1,5,15,22,18,4
1,5,15,6,20,15
1,5,15,7,5,7
1,5,15,7,11,8
1,5,15,11,9,8
1,5,15,7,7,7
1,5,15,9,6,8
1,5,15,11,11,2
1,5,15,13,10,9
1,5,15,17,22,17
1,5,15,12,19,19
1,5,15,14,20,20
1,5,15,12,12,5
1,5,15,11,17,12
1,5,15,18,11,16
1,5,15,7,7,16
1,5,15,13,19,20
1,5,15,6,3,8
1,5,15,6,6,5
1,5,15,15,11,6
1,5,15,4,7,6
1,5,15,11,9,11
1,5,15,16,17,9
1,5,15,21,16,15
1,5,15,19,15,13
1,5,15,15,21,18
1,5,15,21,14,14
1,5,15,20,24,24
1,5,15,18,17,16
1,5,15,19,12,16
1,5,15,18,17,17
1,5,15,18,16,20
1,5,15,19,21,14
1,5,15,13,19,16
1,5,15,18,19,18
1,5,15,20,16,12
1,5,15,20,17,18
1,5,15,19,15,18
1,5,15,19,19,15
1,5,15,19,18,16
1,5,15,15,16,23
1,5,15,17,19,14
1,5,15,19,19,23
1,5,15,17,18,24
1,5,15,18,16,16
1,5,15,18,18,21
1,5,15,16,23,15
1,5,15,20,12,13
1,5,15,18,14,18
1,5,15,19,15,16
1,5,15,18,17,18
1,5,15,24,15,18
1,5,15,18,16,23
1,5,15,16,24,17
1,5,15,19,16,16
1,5,15,17,13,13
1,5,15,17,16,18
1,5,15,19,21,17
1,5,15,16,17,19
1,5,15,19,16,17
1,5,15,18,10,17
1,5,15,17,16,14
1,5,15,17,13,15
1,5,15,20,15,14
1,5,15,11,15,14
4,5,15,3,3,5
4,5,15,8,7,3
4,5,15,5,4,5
4,5,15,6,6,17
4,5,15,4,19,8
4,5,15,7,7,9
4,5,15,10,9,4
4,5,15,1,1,5
4,5,15,3,3,5
4,5,15,2,3,1
4,5,15,3,11,10
4,5,15,2,2,2
4,5,15,3,3,17
4,5,15,5,5,18
4,5,15,5,7,7
4,5,15,13,11,10
4,5,15,11,10,8
4,5,15,12,9,9
4,5,15,8,8,7
4,5,15,15,16,13
4,5,15,22,18,4
4,5,15,6,20,15
4,5,15,7,5,7
4,5,15,7,11,8
4,5,15,11,9,8
4,5,15,7,7,7
4,5,15,9,6,8
4,5,15,11,11,2
4,5,15,13,10,9
4,5,15,17,22,17
4,5,15,12,19,19
4,5,15,14,20,20
4,5,15,12,12,5
4,5,15,11,17,12
4,5,15,18,11,16
4,5,15,7,7,16
4,5,15,13,19,20
4,5,15,6,3,8
4,5,15,6,6,5
4,5,15,15,11,6
4,5,15,4,7,6
4,5,15,11,9,11
4,5,15,16,17,9
4,5,15,21,16,15
4,5,15,19,15,13
4,5,15,15,21,18
4,5,15,21,14,14
4,5,15,20,24,24
4,5,15,18,17,16
4,5,15,19,12,16
4,5,15,18,17,17
4,5,15,18,16,20
4,5,15,19,21,14
4,5,15,13,19,16
4,5,15,18,19,18
4,5,15,20,16,12
4,5,15,20,17,18
4,5,15,19,15,18
4,5,15,19,19,15
4,5,15,19,18,16
4,5,15,15,16,23
4,5,15,17,19,14
4,5,15,19,19,23
4,5,15,17,18,24
4,5,15,18,16,16
4,5,15,18,18,21
4,5,15,16,23,15
4,5,15,20,12,13
4,5,15,18,14,18
4,5,15,19,15,16
4,5,15,18,17,18
4,5,15,24,15,18
4,5,15,18,16,23
4,5,15,16,24,17
4,5,15,19,16,16
4,5,15,17,13,13
4,5,15,17,16,18
4,5,15,19,21,17
4,5,15,16,17,19
4,5,15,19,16,17
4,5,15,18,10,17
4,5,15,17,16,14
4,5,15,17,13,15
4,5,15,20,15,14
4,5,15,11,15,14
205,5,15,3,3,5
205,5,15,8,7,3
205,5,15,5,4,5
205,5,15,6,6,17
205,5,15,4,19,8
205,5,15,7,7,9
205,5,15,10,9,4
205,5,15,1,1,5
205,5,15,3,3,5
205,5,15,2,3,1
205,5,15,3,11,10
205,5,15,2,2,2
205,5,15,3,3,17
205,5,15,5,5,18
205,5,15,5,7,7
205,5,15,13,11,10
205,5,15,11,10,8
205,5,15,12,9,9
205,5,15,8,8,7
205,5,15,15,16,13
205,5,15,22,18,4
205,5,15,6,20,15
205,5,15,7,5,7
205,5,15,7,11,8
205,5,15,11,9,8
205,5,15,7,7,7
205,5,15,9,6,8
205,5,15,11,11,2
205,5,15,13,10,9
205,5,15,17,22,17
205,5,15,12,19,19
205,5,15,14,20,20
205,5,15,12,12,5
205,5,15,11,17,12
205,5,15,18,11,16
205,5,15,7,7,16
205,5,15,13,19,20
205,5,15,6,3,8
205,5,15,6,6,5
205,5,15,15,11,6
205,5,15,4,7,6
205,5,15,11,9,11
205,5,15,16,17,9
205,5,15,21,16,15
205,5,15,19,15,13
205,5,15,15,21,18
205,5,15,21,14,14
205,5,15,20,24,24
205,5,15,18,17,16
205,5,15,19,12,16
205,5,15,18,17,17
205,5,15,18,16,20
205,5,15,19,21,14
205,5,15,13,19,16
205,5,15,18,19,18
205,5,15,20,16,12
205,5,15,20,17,18
205,5,15,19,15,18
205,5,15,19,19,15
205,5,15,19,18,16
205,5,15,15,16,23
205,5,15,17,19,14
205,5,15,19,19,23
205,5,15,17,18,24
205,5,15,18,16,16
205,5,15,18,18,21
205,5,15,16,23,15
205,5,15,20,12,13
205,5,15,18,14,18
205,5,15,19,15,16
205,5,15,18,17,18
205,5,15,24,15,18
205,5,15,18,16,23
205,5,15,16,24,17
205,5,15,19,16,16
205,5,15,17,13,13
205,5,15,17,16,18
205,5,15,19,21,17
205,5,15,16,17,19
205,5,15,19,16,17
205,5,15,18,10,17
205,5,15,17,16,14
205,5,15,17,13,15
205,5,15,20,15,14
205,5,15,11,15,14
207,5,15,3,3,5
207,5,15,8,7,3
207,5,15,5,4,5
207,5,15,6,6,17
207,5,15,4,19,8
207,5,15,7,7,9
207,5,15,10,9,4
207,5,15,1,1,5
207,5,15,3,3,5
207,5,15,2,3,1
207,5,15,3,11,10
207,5,15,2,2,2
207,5,15,3,3,17
207,5,15,5,5,18
207,5,15,5,7,7
207,5,15,13,11,10
207,5,15,11,10,8
207,5,15,12,9,9
207,5,15,8,8,7
207,5,15,15,16,13
207,5,15,22,18,4
207,5,15,6,20,15
207,5,15,7,5,7
207,5,15,7,11,8
207,5,15,11,9,8
207,5,15,7,7,7
207,5,15,9,6,8
207,5,15,11,11,2
207,5,15,13,10,9
207,5,15,17,22,17
207,5,15,12,19,19
207,5,15,14,20,20
207,5,15,12,12,5
207,5,15,11,17,12
207,5,15,18,11,16
207,5,15,7,7,16
207,5,15,13,19,20
207,5,15,6,3,8
207,5,15,6,6,5
207,5,15,15,11,6
207,5,15,4,7,6
207,5,15,11,9,11
207,5,15,16,17,9
207,5,15,21,16,15
207,5,15,19,15,13
207,5,15,15,21,18
207,5,15,21,14,14
207,5,15,20,24,24
207,5,15,18,17,16
207,5,15,19,12,16
207,5,15,18,17,17
207,5,15,18,16,20
207,5,15,19,21,14
207,5,15,13,19,16
207,5,15,18,19,18
207,5,15,20,16,12
207,5,15,20,17,18
207,5,15,19,15,18
207,5,15,19,19,15
207,5,15,19,18,16
207,5,15,15,16,23
207,5,15,17,19,14
207,5,15,19,19,23
207,5,15,17,18,24
207,5,15,18,16,16
207,5,15,18,18,21
207,5,15,16,23,15
207,5,15,20,12,13
207,5,15,18,14,18
207,5,15,19,15,16
207,5,15,18,17,18
207,5,15,24,15,18
207,5,15,18,16,23
207,5,15,16,24,17
207,5,15,19,16,16
207,5,15,17,13,13
207,5,15,17,16,18
207,5,15,19,21,17
207,5,15,16,17,19
207,5,15,19,16,17
207,5,15,18,10,17
207,5,15,17,16,14
207,5,15,17,13,15
207,5,15,20,15,14
207,5,15,11,15,14
208,5,15,3,3,5
208,5,15,8,7,3
208,5,15,5,4,5
208,5,15,6,6,17
208,5,15,4,19,8
208,5,15,7,7,9
208,5,15,10,9,4
208,5,15,1,1,5
208,5,15,3,3,5
208,5,15,2,3,1
208,5,15,3,11,10
208,5,15,2,2,2
208,5,15,3,3,17
208,5,15,5,5,18
208,5,15,5,7,7
208,5,15,13,11,10
208,5,15,11,10,8
208,5,15,12,9,9
208,5,15,8,8,7
208,5,15,15,16,13
208,5,15,22,18,4
208,5,15,6,20,15
208,5,15,7,5,7
208,5,15,7,11,8
208,5,15,11,9,8
208,5,15,7,7,7
208,5,15,9,6,8
208,5,15,11,11,2
208,5,15,13,10,9
208,5,15,17,22,17
208,5,15,12,19,19
208,5,15,14,20,20
208,5,15,12,12,5
208,5,15,11,17,12
208,5,15,18,11,16
208,5,15,7,7,16
208,5,15,13,19,20
208,5,15,6,3,8
208,5,15,6,6,5
208,5,15,15,11,6
208,5,15,4,7,6
208,5,15,11,9,11
208,5,15,16,17,9
208,5,15,21,16,15
208,5,15,19,15,13
208,5,15,15,21,18
208,5,15,21,14,14
208,5,15,20,24,24
208,5,15,18,17,16
208,5,15,19,12,16
208,5,15,18,17,17
208,5,15,18,16,20
208,5,15,19,21,14
208,5,15,13,19,16
208,5,15,18,19,18
208,5,15,20,16,12
208,5,15,20,17,18
208,5,15,19,15,18
208,5,15,19,19,15
208,5,15,19,18,16
208,5,15,15,16,23
208,5,15,17,19,14
208,5,15,19,19,23
208,5,15,17,18,24
208,5,15,18,16,16
208,5,15,18,18,21
208,5,15,16,23,15
208,5,15,20,12,13
208,5,15,18,14,18
208,5,15,19,15,16
208,5,15,18,17,18
208,5,15,24,15,18
208,5,15,18,16,23
208,5,15,16,24,17
208,5,15,19,16,16
208,5,15,17,13,13
208,5,15,17,16,18
208,5,15,19,21,17
208,5,15,16,17,19
208,5,15,19,16,17
208,5,15,18,10,17
208,5,15,17,16,14
208,5,15,17,13,15
208,5,15,20,15,14
208,5,15,11,15,14
3,6,3,13,16,6
3,6,3,22,17,17
3,6,3,16,18,14
3,6,3,12,14,7
3,6,3,13,10,7
3,6,3,12,10,15
3,6,3,15,14,15
3,6,3,15,14,8
3,6,3,16,16,14
3,6,3,16,18,13
3,6,3,19,19,14
3,6,3,18,19,12
3,6,3,14,19,15
3,6,3,17,16,12
3,6,3,16,17,17
3,6,3,19,16,10
3,6,3,11,8,18
3,6,3,11,14,12
3,6,3,14,14,18
3,6,3,12,16,20
3,6,3,11,12,13
3,6,3,10,10,15
3,6,3,5,4,11
3,6,3,13,19,12
3,6,3,9,8,9
3,6,3,18,13,13
3,6,3,17,15,10
3,6,3,15,13,15
3,6,3,9,6,15
5,7,3,17,14,7
5,7,3,18,22,22
5,7,3,15,15,15
5,7,3,16,18,19
5,7,3,16,14,20
5,7,3,18,18,13
5,7,3,14,15,17
5,7,3,13,13,11
5,7,3,15,12,12
5,7,3,19,16,18
5,7,3,9,5,7
5,7,3,4,20,18
5,7,3,10,9,10
5,7,3,8,18,13
5,7,3,9,8,14
5,7,3,17,12,8
5,7,3,15,15,10
5,7,3,15,15,11
5,7,3,20,19,13
5,7,3,17,19,19
5,7,3,14,13,8
5,7,3,17,17,19
5,7,3,19,17,20
1,8,104.3333333,15,8,8
1,8,104.3333333,2,2,1
1,8,104.3333333,4,3,2
1,8,104.3333333,1,1,1
1,8,104.3333333,2,3,9
1,8,104.3333333,3,3,18
1,8,104.3333333,1,1,2
1,8,104.3333333,3,3,4
1,8,104.3333333,6,7,6
1,8,104.3333333,6,7,3
1,8,104.3333333,4,2,18
1,8,104.3333333,14,13,9
1,8,104.3333333,2,7,3
1,8,104.3333333,2,2,3
1,8,104.3333333,3,3,3
1,8,104.3333333,1,1,1
1,8,104.3333333,3,4,3
1,8,104.3333333,3,4,3