DriverID,Points,ConstructorID,ConstructorName,TotalPoints,NumberOfDrivers,AveragePoints,NumberOfCollaborations
1,913.0,1,McLaren,2610.0,1625,237.27272727272728,6
1,1697.0,131,Mercedes,2610.0,354,237.27272727272728,5
2,163.0,2,BMW Sauber,259.0,140,21.583333333333332,4
2,28.0,3,Williams,259.0,1379,21.583333333333332,1
2,34.0,4,Renault,259.0,669,21.583333333333332,1
2,31.0,15,Sauber,259.0,747,21.583333333333332,4
2,3.0,17,Jordan,259.0,500,21.583333333333332,1
2,0.0,20,Prost,259.0,165,21.583333333333332,1
3,75.5,3,Williams,1594.5,1379,144.95454545454547,4
3,1519.0,131,Mercedes,1594.5,354,144.95454545454547,7
4,191.0,1,McLaren,1849.0,1625,115.5625,4
4,468.0,4,Renault,1849.0,669,115.5625,6
4,1190.0,6,Ferrari,1849.0,2140,115.5625,5
4,0.0,18,Minardi,1849.0,672,115.5625,1
5,75.0,1,McLaren,105.0,1625,15.0,2
5,30.0,4,Renault,105.0,669,15.0,1
5,0.0,205,Lotus,105.0,76,15.0,2
5,0.0,207,Caterham,105.0,112,15.0,1
5,0.0,208,Lotus F1,105.0,154,15.0,1
6,9.0,3,Williams,9.0,1379,3.0,3
7,6.0,5,Toro Rosso,6.0,452,3.0,2
8,337.0,1,McLaren,1565.0,1625,104.33333333333333,5
8,829.0,6,Ferrari,1565.0,2140,104.33333333333333,7
8,9.0,15,Sauber,1565.0,747,104.33333333333333,1
8,390.0,208,Lotus F1,1565.0,154,104.33333333333333,2
9,137.0,2,BMW Sauber,273.0,140,54.6,4
9,136.0,4,Renault,273.0,669,54.6,1
10,49.0,7,Toyota,51.0,280,8.5,2
10,2.0,17,Jordan,51.0,500,8.5,1
10,0.0,166,Virgin,51.0,76,8.5,2
10,0.0,206,Marussia,51.0,109,8.5,1
11,4.0,8,Super Aguri,44.0,78,6.285714285714286,3
11,38.0,16,BAR,44.0,236,6.285714285714286,3
11,2.0,17,Jordan,44.0,500,6.285714285714286,1
12,19.0,4,Renault,19.0,669,9.5,2
13,351.0,3,Williams,1167.0,1379,77.8,4
13,789.0,6,Ferrari,1167.0,2140,77.8,8
13,27.0,15,Sauber,1167.0,747,77.8,3
14,412.0,1,McLaren,535.0,1625,35.666666666666664,9
14,63.0,3,Williams,535.0,1379,35.666666666666664,2
14,60.0,9,Red Bull,535.0,490,35.666666666666664,4
15,88.0,4,Renault,246.5,669,16.433333333333334,3
15,129.5,7,Toyota,246.5,280,16.433333333333334,6
15,18.0,17,Jordan,246.5,500,16.433333333333334,2
15,0.0,18,Minardi,246.5,672,16.433333333333334,1
15,11.0,20,Prost,246.5,165,16.433333333333334,3
15,0.0,205,Lotus,246.5,76,16.433333333333334,2
16,123.0,10,Force India,124.0,382,17.714285714285715,5
16,1.0,12,Spyker,124.0,34,17.714285714285715,1
16,0.0,15,Sauber,124.0,747,17.714285714285715,1
17,43.0,3,Williams,1047.5,1379,87.29166666666667,2
17,978.5,9,Red Bull,1047.5,490,87.29166666666667,7
17,2.0,18,Minardi,1047.5,672,87.29166666666667,1
17,24.0,19,Jaguar,1047.5,170,87.29166666666667,2
18,908.0,1,McLaren,1235.0,1625,68.61111111111111,8
18,12.0,3,Williams,1235.0,1379,68.61111111111111,1
18,14.0,4,Renault,1235.0,669,68.61111111111111,1
18,65.0,11,Honda,1235.0,152,68.61111111111111,3
18,139.0,16,BAR,1235.0,236,68.61111111111111,3
18,2.0,22,Benetton,1235.0,520,68.61111111111111,1
18,95.0,23,Brawn,1235.0,34,68.61111111111111,1
19,0.0,8,Super Aguri,0.0,78,0.0,2
19,0.0,16,BAR,0.0,236,0.0,1
19,0.0,18,Minardi,0.0,672,0.0,1
20,1.0,2,BMW Sauber,2425.0,140,220.45454545454547,1
20,40.0,5,Toro Rosso,2425.0,452,220.45454545454547,2
20,807.0,6,Ferrari,2425.0,2140,220.45454545454547,3
20,1577.0,9,Red Bull,2425.0,490,220.45454545454547,6
21,151.0,4,Renault,275.0,669,19.642857142857142,3
21,0.0,6,Ferrari,275.0,2140,19.642857142857142,1
21,8.0,10,Force India,275.0,382,19.642857142857142,2
21,22.0,15,Sauber,275.0,747,19.642857142857142,1
21,39.0,17,Jordan,275.0,500,19.642857142857142,3
21,0.0,18,Minardi,275.0,672,19.642857142857142,1
21,55.0,22,Benetton,275.0,520,19.642857142857142,4
22,51.0,3,Williams,658.0,1379,34.63157894736842,2
22,412.0,6,Ferrari,658.0,2140,34.63157894736842,6
22,41.0,11,Honda,658.0,152,34.63157894736842,3
22,46.0,17,Jordan,658.0,500,34.63157894736842,4
22,77.0,23,Brawn,658.0,34,34.63157894736842,1
22,31.0,24,Stewart,658.0,98,34.63157894736842,3
23,232.0,3,Williams,329.0,1379,29.90909090909091,6
23,70.0,7,Toyota,329.0,280,29.90909090909091,3
23,27.0,17,Jordan,329.0,500,29.90909090909091,2
24,4.0,5,Toro Rosso,26.0,452,4.333333333333333,2
24,1.0,9,Red Bull,26.0,490,4.333333333333333,1
24,21.0,10,Force India,26.0,382,4.333333333333333,2
24,0.0,164,HRT,26.0,116,4.333333333333333,1
25,6.0,1,McLaren,45.0,1625,7.5,1
25,13.0,3,Williams,45.0,1379,7.5,1
25,26.0,22,Benetton,45.0,520,7.5,4
26,0.0,5,Toro Rosso,0.0,452,0.0,2
27,0.0,12,Spyker,4.0,34,1.3333333333333333,1
27,0.0,13,MF1,4.0,28,1.3333333333333333,1
27,0.0,14,Spyker MF1,4.0,8,1.3333333333333333,1
27,4.0,18,Minardi,4.0,672,1.3333333333333333,1
28,0.0,12,Spyker,0.0,34,0.0,1
29,0.0,8,Super Aguri,0.0,78,0.0,1
29,0.0,12,Spyker,0.0,34,0.0,1
29,0.0,164,HRT,0.0,116,0.0,1
30,1066.0,6,Ferrari,1566.0,2140,82.42105263157895,11
30,0.0,17,Jordan,1566.0,500,82.42105263157895,1
30,303.0,22,Benetton,1566.0,520,82.42105263157895,5
30,197.0,131,Mercedes,1566.0,354,82.42105263157895,3
31,86.0,1,McLaren,307.0,1625,51.166666666666664,2
31,221.0,3,Williams,307.0,1379,51.166666666666664,4
32,11.0,9,Red Bull,14.0,490,3.5,2
32,3.0,19,Jaguar,14.0,170,3.5,1
32,0.0,164,HRT,14.0,116,3.5,1
33,0.0,13,MF1,7.0,28,3.5,1
33,0.0,14,Spyker MF1,7.0,8,3.5,1
33,7.0,17,Jordan,7.0,500,3.5,1
34,0.0,8,Super Aguri,0.0,78,0.0,1
35,7.0,2,BMW Sauber,235.0,140,21.363636363636363,1
35,180.0,3,Williams,235.0,1379,21.363636363636363,3
35,0.0,4,Renault,235.0,669,21.363636363636363,1
35,9.0,15,Sauber,235.0,747,21.363636363636363,1
35,39.0,16,BAR,235.0,236,21.363636363636363,5
36,0.0,8,Super Aguri,0.0,78,0.0,1
37,23.0,1,McLaren,35.0,1625,3.888888888888889,2
37,6.0,15,Sauber,35.0,747,3.888888888888889,2
37,3.0,19,Jaguar,35.0,170,3.888888888888889,2
37,3.0,21,Arrows,35.0,590,3.888888888888889,2
37,0.0,164,HRT,35.0,116,3.888888888888889,1
38,0.0,9,Red Bull,0.0,490,0.0,1
38,0.0,18,Minardi,0.0,672,0.0,1
39,5.0,17,Jordan,5.0,500,1.6666666666666667,1
39,0.0,164,HRT,5.0,116,1.6666666666666667,2
40,3.0,18,Minardi,3.0,672,3.0,1
41,0.0,7,Toyota,3.0,280,0.6,2
41,3.0,16,BAR,3.0,236,0.6,2
41,0.0,17,Jordan,3.0,500,0.6,1
42,8.0,3,Williams,8.0,1379,2.6666666666666665,2
42,0.0,19,Jaguar,8.0,170,2.6666666666666665,1
43,13.0,7,Toyota,13.0,280,6.5,2
44,12.0,7,Toyota,76.0,280,7.6,2
44,8.0,16,BAR,76.0,236,7.6,2
44,18.0,20,Prost,76.0,165,7.6,3
44,38.0,27,Ligier,76.0,611,7.6,3
45,0.0,17,Jordan,0.0,500,0.0,1
46,0.0,18,Minardi,0.0,672,0.0,1
47,0.0,17,Jordan,1.0,500,0.5,1
47,1.0,18,Minardi,1.0,672,0.5,1
48,4.0,3,Williams,5.0,1379,1.25,2
48,1.0,18,Minardi,5.0,672,1.25,2
49,59.0,3,Williams,174.0,1379,17.4,2
49,42.0,15,Sauber,174.0,747,17.4,5
49,71.0,17,Jordan,174.0,500,17.4,3
49,0.0,20,Prost,174.0,165,17.4,1
49,2.0,21,Arrows,174.0,590,17.4,1
50,0.0,18,Minardi,17.0,672,2.125,1
50,6.0,21,Arrows,17.0,590,2.125,2
50,10.0,22,Benetton,17.0,520,2.125,1
50,0.0,24,Stewart,17.0,98,2.125,1
50,0.0,25,Tyrrell,17.0,881,2.125,1
50,1.0,29,Footwork,17.0,194,2.125,1
50,0.0,31,Simtek,17.0,40,2.125,1
51,0.0,18,Minardi,1.0,672,1.0,1
51,1.0,19,Jaguar,1.0,170,1.0,1
52,1.0,17,Jordan,1.0,500,1.0,1
53,0.0,18,Minardi,0.0,672,0.0,1
54,0.0,19,Jaguar,0.0,170,0.0,2
54,0.0,20,Prost,0.0,165,0.0,1
55,121.0,6,Ferrari,241.0,2140,18.53846153846154,5
55,11.0,15,Sauber,241.0,747,18.53846153846154,2
55,1.0,17,Jordan,241.0,500,18.53846153846154,1
55,4.0,20,Prost,241.0,165,18.53846153846154,2
55,83.0,22,Benetton,241.0,520,18.53846153846154,2
55,21.0,25,Tyrrell,241.0,881,18.53846153846154,2
56,156.0,6,Ferrari,191.0,2140,19.1,4
56,17.0,17,Jordan,191.0,500,19.1,3
56,18.0,19,Jaguar,191.0,170,19.1,3
57,407.0,1,McLaren,420.0,1625,38.18181818181818,9
57,13.0,32,Team Lotus,420.0,871,38.18181818181818,2
58,0.0,18,Minardi,0.0,672,0.0,3
59,0.0,21,Arrows,0.0,590,0.0,2
60,0.0,18,Minardi,0.0,672,0.0,1
60,0.0,20,Prost,0.0,165,0.0,1
61,0.0,20,Prost,0.0,165,0.0,1
62,0.0,18,Minardi,0.0,672,0.0,2
63,10.0,6,Ferrari,33.0,2140,4.125,1
63,2.0,7,Toyota,33.0,280,4.125,1
63,6.0,15,Sauber,33.0,747,4.125,1
63,0.0,16,BAR,33.0,236,4.125,1
63,3.0,21,Arrows,33.0,590,4.125,1
63,12.0,25,Tyrrell,33.0,881,4.125,3
63,0.0,32,Team Lotus,33.0,871,4.125,1
64,3.0,15,Sauber,10.0,747,1.6666666666666667,2
64,5.0,21,Arrows,10.0,590,1.6666666666666667,2
64,2.0,27,Ligier,10.0,611,1.6666666666666667,1
64,0.0,28,Forti,10.0,54,1.6666666666666667,1
65,20.0,15,Sauber,98.0,747,8.166666666666666,3
65,0.0,19,Jaguar,98.0,170,8.166666666666666,1
65,50.0,22,Benetton,98.0,520,8.166666666666666,3
65,15.0,24,Stewart,98.0,98,8.166666666666666,1
65,0.0,25,Tyrrell,98.0,881,8.166666666666666,1
65,0.0,27,Ligier,98.0,611,8.166666666666666,1
65,13.0,32,Team Lotus,98.0,871,8.166666666666666,5
66,0.0,7,Toyota,0.0,280,0.0,1
67,29.0,5,Toro Rosso,29.0,452,9.666666666666666,3
68,0.0,21,Arrows,0.0,590,0.0,1
68,0.0,25,Tyrrell,0.0,881,0.0,1
69,0.0,6,Ferrari,0.0,2140,0.0,1
69,0.0,18,Minardi,0.0,672,0.0,2
69,0.0,26,Lola,0.0,165,0.0,1
69,0.0,28,Forti,0.0,54,0.0,1
70,0.0,3,Williams,1.0,1379,0.2,1
70,0.0,17,Jordan,1.0,500,0.2,1
70,0.0,18,Minardi,1.0,672,0.2,1
70,1.0,32,Team Lotus,1.0,871,0.2,2
71,326.0,3,Williams,360.0,1379,45.0,4
71,27.0,17,Jordan,360.0,500,45.0,2
71,7.0,21,Arrows,360.0,590,45.0,1
71,0.0,34,Brabham,360.0,662,45.0,1
72,0.0,18,Minardi,0.0,672,0.0,1
73,0.0,25,Tyrrell,0.0,881,0.0,1
73,0.0,26,Lola,0.0,165,0.0,1
73,0.0,29,Footwork,0.0,194,0.0,1
74,0.0,18,Minardi,0.0,672,0.0,1
75,0.0,18,Minardi,2.0,672,1.0,1
75,2.0,20,Prost,2.0,165,1.0,1
76,0.0,1,McLaren,1.0,1625,0.3333333333333333,1
76,1.0,24,Stewart,1.0,98,0.3333333333333333,2
77,135.0,1,McLaren,385.0,1625,27.5,3
77,182.0,6,Ferrari,385.0,2140,27.5,6
77,3.0,21,Arrows,385.0,590,27.5,1
77,65.0,22,Benetton,385.0,520,27.5,3
77,0.0,54,ATS,385.0,162,27.5,1
78,6.0,6,Ferrari,7.0,2140,0.875,2
78,1.0,15,Sauber,7.0,747,0.875,1
78,0.0,27,Ligier,7.0,611,0.875,1
78,0.0,40,Lambo,7.0,32,0.875,1
78,0.0,42,Coloni,7.0,81,0.875,1
78,0.0,45,Osella,7.0,252,0.875,2
79,0.0,18,Minardi,5.0,672,0.8333333333333334,1
79,5.0,25,Tyrrell,5.0,881,0.8333333333333334,4
79,0.0,33,Larrousse,5.0,216,0.8333333333333334,1
80,0.0,26,Lola,0.0,165,0.0,1
81,0.5,6,Ferrari,8.5,2140,1.4166666666666667,1
81,0.0,15,Sauber,8.5,747,1.4166666666666667,1
81,0.0,18,Minardi,8.5,672,1.4166666666666667,3
81,8.0,29,Footwork,8.5,194,1.4166666666666667,2
81,0.0,35,Dallara,8.5,144,1.4166666666666667,1
82,0.0,15,Sauber,0.0,747,0.0,1
83,1.0,18,Minardi,1.0,672,0.25,2
83,0.0,32,Team Lotus,1.0,871,0.25,2
84,16.0,1,McLaren,98.0,1625,8.166666666666666,1
84,0.0,3,Williams,98.0,1379,8.166666666666666,1
84,8.0,17,Jordan,98.0,500,8.166666666666666,1
84,38.0,22,Benetton,98.0,520,8.166666666666666,1
84,8.0,25,Tyrrell,98.0,881,8.166666666666666,3
84,20.0,27,Ligier,98.0,611,8.166666666666666,2
84,6.0,34,Brabham,98.0,662,8.166666666666666,2
84,2.0,49,Zakspeed,98.0,133,8.166666666666666,1
85,0.0,28,Forti,0.0,54,0.0,1
85,0.0,30,Pacific,0.0,66,0.0,1
85,0.0,31,Simtek,0.0,40,0.0,1
86,0.0,18,Minardi,0.0,672,0.0,1
86,0.0,30,Pacific,0.0,66,0.0,1
87,13.0,1,McLaren,32.0,1625,8.0,1
87,8.0,25,Tyrrell,32.0,881,8.0,1
87,10.0,27,Ligier,32.0,611,8.0,1
87,1.0,34,Brabham,32.0,662,8.0,1
88,0.0,17,Jordan,8.0,500,1.0,1
88,0.0,26,Lola,8.0,165,1.0,1
88,1.0,27,Ligier,8.0,611,1.0,1
88,0.0,29,Footwork,8.0,194,1.0,2
88,7.0,33,Larrousse,8.0,216,1.0,3
88,0.0,49,Zakspeed,8.0,133,1.0,1
89,0.0,29,Footwork,0.0,194,0.0,1
89,0.0,31,Simtek,0.0,40,0.0,1
90,0.0,17,Jordan,15.0,500,2.142857142857143,1
90,0.0,18,Minardi,15.0,672,2.142857142857143,1
90,14.0,22,Benetton,15.0,520,2.142857142857143,2
90,0.0,28,Forti,15.0,54,2.142857142857143,1
90,0.0,32,Team Lotus,15.0,871,2.142857142857143,1
90,0.0,38,Andrea Moda,15.0,15,2.142857142857143,1
90,1.0,39,AGS,15.0,123,2.142857142857143,1
90,0.0,42,Coloni,15.0,81,2.142857142857143,1
90,0.0,44,Euro Brun,15.0,76,2.142857142857143,1
91,11.0,15,Sauber,14.0,747,2.8,3
91,3.0,37,March,14.0,524,2.8,1
91,0.0,41,Leyton House,14.0,64,2.8,1
92,4.0,17,Jordan,5.0,500,0.8333333333333334,1
92,0.0,30,Pacific,5.0,66,0.8333333333333334,2
92,1.0,33,Larrousse,5.0,216,0.8333333333333334,2
92,0.0,42,Coloni,5.0,81,0.8333333333333334,1
92,0.0,46,Onyx,5.0,52,0.8333333333333334,1
92,0.0,48,Rial,5.0,48,0.8333333333333334,1
93,0.0,31,Simtek,0.0,40,0.0,2
94,16.0,18,Minardi,18.0,672,1.8,8
94,2.0,35,Dallara,18.0,144,1.8,1
94,0.0,53,Toleman,18.0,131,1.8,1
95,0.0,1,McLaren,482.0,1625,32.13333333333333,1
95,369.0,3,Williams,482.0,1379,32.13333333333333,7
95,75.0,6,Ferrari,482.0,2140,32.13333333333333,2
95,38.0,32,Team Lotus,482.0,871,32.13333333333333,5
96,3.0,15,Sauber,3.0,747,3.0,1
97,0.0,29,Footwork,0.0,194,0.0,1
98,0.0,30,Pacific,0.0,66,0.0,1
98,0.0,33,Larrousse,0.0,216,0.0,1
99,0.0,25,Tyrrell,1.0,881,0.14285714285714285,1
99,0.0,36,Fondmetal,1.0,42,0.14285714285714285,2
99,1.0,39,AGS,1.0,123,0.14285714285714285,3
99,0.0,42,Coloni,1.0,81,0.14285714285714285,1
99,0.0,45,Osella,1.0,252,0.14285714285714285,1
100,4.0,27,Ligier,7.0,611,1.75,2
100,3.0,33,Larrousse,7.0,216,1.75,2
101,0.0,31,Simtek,0.0,40,0.0,1
101,0.0,34,Brabham,0.0,662,0.0,1
102,451.0,1,McLaren,614.0,1625,55.81818181818182,6
102,0.0,3,Williams,614.0,1379,55.81818181818182,1
102,150.0,32,Team Lotus,614.0,871,55.81818181818182,3
102,13.0,53,Toleman,614.0,131,55.81818181818182,1
103,1.0,26,Lola,10.0,165,2.5,1
103,4.0,27,Ligier,10.0,611,2.5,1
103,0.0,32,Team Lotus,10.0,871,2.5,1
103,5.0,33,Larrousse,10.0,216,2.5,3
104,6.0,18,Minardi,12.0,672,4.0,2
104,6.0,29,Footwork,12.0,194,4.0,1
105,138.5,6,Ferrari,186.5,2140,13.321428571428571,5
105,1.0,18,Minardi,186.5,672,13.321428571428571,1
105,0.0,21,Arrows,186.5,590,13.321428571428571,1
105,41.0,25,Tyrrell,186.5,881,13.321428571428571,4
105,0.0,26,Lola,186.5,165,13.321428571428571,1
105,6.0,29,Footwork,186.5,194,13.321428571428571,2
105,0.0,33,Larrousse,186.5,216,13.321428571428571,1
106,0.0,33,Larrousse,0.0,216,0.0,1
107,0.0,31,Simtek,0.0,40,0.0,1
108,0.0,30,Pacific,0.0,66,0.0,1
108,0.0,37,March,0.0,524,0.0,1
109,5.0,15,Sauber,10.0,747,1.6666666666666667,2
109,1.0,22,Benetton,10.0,520,1.6666666666666667,1
109,4.0,35,Dallara,10.0,144,1.6666666666666667,2
109,0.0,46,Onyx,10.0,52,1.6666666666666667,2
110,1.0,1,McLaren,59.0,1625,3.933333333333333,1
110,1.0,15,Sauber,59.0,747,3.933333333333333,1
110,12.0,17,Jordan,59.0,500,3.933333333333333,2
110,0.0,18,Minardi,59.0,672,3.933333333333333,1
110,8.0,25,Tyrrell,59.0,881,3.933333333333333,2
110,6.0,27,Ligier,59.0,611,3.933333333333333,2
110,4.0,34,Brabham,59.0,662,3.933333333333333,1
110,4.0,35,Dallara,59.0,144,3.933333333333333,2
110,3.0,48,Rial,59.0,48,3.933333333333333,1
110,20.0,51,Alfa Romeo,59.0,244,3.933333333333333,3
111,0.0,18,Minardi,0.0,672,0.0,1
111,0.0,31,Simtek,0.0,40,0.0,1
112,0.0,1,McLaren,7.0,1625,0.7777777777777778,1
112,1.0,27,Ligier,7.0,611,0.7777777777777778,2
112,6.0,33,Larrousse,7.0,216,0.7777777777777778,5
112,0.0,50,RAM,7.0,71,0.7777777777777778,2
113,0.0,32,Team Lotus,0.0,871,0.0,1
114,0.0,33,Larrousse,0.0,216,0.0,4
114,0.0,39,AGS,0.0,123,0.0,2
115,0.0,33,Larrousse,0.0,216,0.0,1
116,0.0,27,Ligier,0.0,611,0.0,1
117,458.5,1,McLaren,798.5,1625,61.42307692307692,7
117,99.0,3,Williams,798.5,1379,61.42307692307692,1
117,134.0,4,Renault,798.5,669,61.42307692307692,3
117,107.0,6,Ferrari,798.5,2140,61.42307692307692,2
118,28.0,4,Renault,71.0,669,6.454545454545454,2
118,27.0,21,Arrows,71.0,590,6.454545454545454,3
118,4.0,29,Footwork,71.0,194,6.454545454545454,1
118,3.0,32,Team Lotus,71.0,871,6.454545454545454,1
118,0.0,34,Brabham,71.0,662,6.454545454545454,1
118,9.0,53,Toleman,71.0,131,6.454545454545454,3
119,180.0,3,Williams,281.0,1379,16.529411764705884,6
119,30.0,21,Arrows,281.0,590,16.529411764705884,4
119,20.0,22,Benetton,281.0,520,16.529411764705884,1
119,42.0,34,Brabham,281.0,662,16.529411764705884,4
119,8.0,51,Alfa Romeo,281.0,244,16.529411764705884,2
119,1.0,58,Shadow,281.0,211,16.529411764705884,1
120,2.0,18,Minardi,2.0,672,1.0,1
120,0.0,39,AGS,2.0,123,1.0,1
121,7.0,1,McLaren,7.0,1625,7.0,1
122,3.0,6,Ferrari,31.0,2140,3.4444444444444446,1
122,0.0,17,Jordan,31.0,500,3.4444444444444446,1
122,3.0,25,Tyrrell,31.0,881,3.4444444444444446,1
122,18.0,37,March,31.0,524,3.4444444444444446,3
122,0.0,39,AGS,31.0,123,3.4444444444444446,1
122,7.0,41,Leyton House,31.0,64,3.4444444444444446,2
123,71.0,3,Williams,132.0,1379,12.0,2
123,0.0,17,Jordan,132.0,500,12.0,1
123,16.0,21,Arrows,132.0,590,12.0,4
123,43.0,22,Benetton,132.0,520,12.0,2
123,2.0,27,Ligier,132.0,611,12.0,2
124,0.0,17,Jordan,0.0,500,0.0,1
125,0.0,17,Jordan,0.0,500,0.0,1
125,0.0,37,March,0.0,524,0.0,1
126,0.0,33,Larrousse,0.0,216,0.0,1
127,0.0,17,Jordan,10.0,500,2.0,1
127,9.0,37,March,10.0,524,2.0,2
127,1.0,41,Leyton House,10.0,64,2.0,2
128,0.0,34,Brabham,0.0,662,0.0,1
128,0.0,36,Fondmetal,0.0,42,0.0,1
128,0.0,40,Lambo,0.0,32,0.0,1
129,0.0,25,Tyrrell,1.0,881,0.25,1
129,1.0,27,Ligier,1.0,611,0.25,1
129,0.0,36,Fondmetal,1.0,42,0.25,1
129,0.0,39,AGS,1.0,123,0.25,1
129,0.0,45,Osella,1.0,252,0.25,1
130,0.0,36,Fondmetal,0.0,42,0.0,1
131,1.0,17,Jordan,17.0,500,2.8333333333333335,1
131,10.0,25,Tyrrell,17.0,881,2.8333333333333335,1
131,6.0,34,Brabham,17.0,662,2.8333333333333335,3
131,0.0,44,Euro Brun,17.0,76,2.8333333333333335,1
132,0.0,34,Brabham,0.0,662,0.0,1
133,2.0,21,Arrows,6.0,590,1.0,1
133,0.0,29,Footwork,6.0,194,1.0,1
133,4.0,35,Dallara,6.0,144,1.0,2
133,0.0,45,Osella,6.0,252,1.0,2
134,0.0,42,Coloni,0.0,81,0.0,1
135,0.0,38,Andrea Moda,0.0,15,0.0,1
136,0.0,37,March,0.0,524,0.0,1
136,0.0,54,ATS,0.0,162,0.0,2
136,0.0,55,Theodore,0.0,64,0.0,1
136,0.0,57,Ensign,0.0,154,0.0,1
136,0.0,58,Shadow,0.0,211,0.0,1
137,0.0,1,McLaren,485.5,1625,34.67857142857143,1
137,145.0,3,Williams,485.5,1379,34.67857142857143,2
137,70.5,22,Benetton,485.5,520,34.67857142857143,2
137,34.0,32,Team Lotus,485.5,871,34.67857142857143,2
137,233.0,34,Brabham,485.5,662,34.67857142857143,7
137,0.0,57,Ensign,485.5,154,34.67857142857143,1
137,0.0,182,Brabham-Ford,485.5,58,34.67857142857143,1
137,3.0,204,Brabham-Alfa Romeo,485.5,59,34.67857142857143,1
138,5.0,25,Tyrrell,16.0,881,3.2,2
138,11.0,32,Team Lotus,16.0,871,3.2,3
139,2.0,22,Benetton,3.0,520,1.0,1
139,1.0,35,Dallara,3.0,144,1.0,2
140,30.0,1,McLaren,88.0,1625,8.8,1
140,49.0,6,Ferrari,88.0,2140,8.8,2
140,0.0,25,Tyrrell,88.0,881,8.8,2
140,0.0,27,Ligier,88.0,611,8.8,1
140,0.0,29,Footwork,88.0,194,8.8,1
140,0.0,39,AGS,88.0,123,8.8,1
140,6.0,46,Onyx,88.0,52,8.8,2
140,0.0,52,Spirit,88.0,25,8.8,1
140,3.0,53,Toleman,88.0,131,8.8,1
140,0.0,58,Shadow,88.0,211,8.8,1
141,0.0,25,Tyrrell,1.0,881,0.5,1
141,1.0,32,Team Lotus,1.0,871,0.5,1
142,0.0,42,Coloni,0.0,81,0.0,1
143,0.0,32,Team Lotus,0.0,871,0.0,1
144,0.0,42,Coloni,0.0,81,0.0,1
145,0.0,18,Minardi,65.0,672,13.0,2
145,65.0,22,Benetton,65.0,520,13.0,3
146,0.0,21,Arrows,0.0,590,0.0,1
146,0.0,49,Zakspeed,0.0,133,0.0,2
147,0.0,18,Minardi,0.0,672,0.0,2
148,0.0,34,Brabham,0.0,662,0.0,1
148,0.0,44,Euro Brun,0.0,76,0.0,1
148,0.0,46,Onyx,0.0,52,0.0,1
148,0.0,48,Rial,0.0,48,0.0,1
149,0.0,44,Euro Brun,0.0,76,0.0,1
150,0.0,47,Life,0.0,14,0.0,1
151,0.0,21,Arrows,0.0,590,0.0,1
151,0.0,32,Team Lotus,0.0,871,0.0,1
152,0.0,1,McLaren,14.0,1625,1.75,2
152,0.0,47,Life,14.0,14,1.75,1
152,13.0,51,Alfa Romeo,14.0,244,1.75,4
152,1.0,53,Toleman,14.0,131,1.75,1
153,31.0,5,Toro Rosso,31.0,452,10.333333333333334,3
154,0.0,4,Renault,344.0,669,49.142857142857146,1
154,287.0,208,Lotus F1,344.0,154,49.142857142857146,4
154,57.0,210,Haas F1 Team,344.0,82,49.142857142857146,2
155,3.0,7,Toyota,125.0,280,25.0,1
155,122.0,15,Sauber,125.0,747,25.0,3
155,0.0,207,Caterham,125.0,112,25.0,1
156,0.0,3,Williams,14.0,1379,2.0,1
156,14.0,25,Tyrrell,14.0,881,2.0,3
156,0.0,49,Zakspeed,14.0,133,2.0,2
156,0.0,50,RAM,14.0,71,2.0,1
157,1.0,21,Arrows,4.0,590,1.0,1
157,0.0,45,Osella,4.0,252,1.0,1
157,3.0,48,Rial,4.0,48,1.0,1
157,0.0,49,Zakspeed,4.0,133,1.0,2
158,22.0,4,Renault,70.0,669,6.363636363636363,1
158,20.0,21,Arrows,70.0,590,6.363636363636363,3
158,10.0,25,Tyrrell,70.0,881,6.363636363636363,1
158,0.0,26,Lola,70.0,165,6.363636363636363,1
158,15.0,27,Ligier,70.0,611,6.363636363636363,1
158,0.0,45,Osella,70.0,252,6.363636363636363,1
158,3.0,51,Alfa Romeo,70.0,244,6.363636363636363,2
158,0.0,55,Theodore,70.0,64,6.363636363636363,1
158,0.0,64,Hesketh,70.0,97,6.363636363636363,1
159,1.0,18,Minardi,1.0,672,0.5,2
160,0.0,27,Ligier,2.0,611,0.25,1
160,2.0,45,Osella,2.0,252,0.25,6
160,0.0,49,Zakspeed,2.0,133,0.25,1
160,0.0,53,Toleman,2.0,131,0.25,1
161,0.0,48,Rial,0.0,48,0.0,1
162,0.0,33,Larrousse,0.0,216,0.0,1
162,0.0,42,Coloni,0.0,81,0.0,1
162,0.0,48,Rial,0.0,48,0.0,1
163,85.0,4,Renault,181.0,669,15.083333333333334,4
163,79.0,6,Ferrari,181.0,2140,15.083333333333334,3
163,17.0,27,Ligier,181.0,611,15.083333333333334,4
163,0.0,63,Surtees,181.0,260,15.083333333333334,1
163,0.0,65,Martini,181.0,8,15.083333333333334,1
164,0.0,39,AGS,0.0,123,0.0,1
165,0.0,44,Euro Brun,0.0,76,0.0,2
166,0.0,4,Renault,11.0,669,2.2,1
166,7.0,25,Tyrrell,11.0,881,2.2,3
166,4.0,27,Ligier,11.0,611,2.2,1
166,0.0,39,AGS,11.0,123,2.2,1
167,0.0,18,Minardi,0.0,672,0.0,2
168,0.0,3,Williams,0.0,1379,0.0,1
168,0.0,50,RAM,0.0,71,0.0,1
169,0.0,39,AGS,0.0,123,0.0,1
170,14.0,22,Benetton,23.0,520,4.6,2
170,9.0,34,Brabham,23.0,662,4.6,1
170,0.0,53,Toleman,23.0,131,4.6,2
171,0.0,45,Osella,0.0,252,0.0,1
172,22.0,3,Williams,228.0,1379,17.53846153846154,3
172,206.0,27,Ligier,228.0,611,17.53846153846154,9
172,0.0,80,Iso Marlboro,228.0,55,17.53846153846154,1
173,119.0,32,Team Lotus,122.0,871,15.25,6
173,0.0,34,Brabham,122.0,662,15.25,1
173,3.0,58,Shadow,122.0,211,15.25,1
174,3.0,32,Team Lotus,3.0,871,3.0,1
175,8.0,1,McLaren,103.0,1625,11.444444444444445,2
175,22.0,4,Renault,103.0,669,11.444444444444445,2
175,65.0,6,Ferrari,103.0,2140,11.444444444444445,2
175,2.0,26,Lola,103.0,165,11.444444444444445,1
175,0.0,27,Ligier,103.0,611,11.444444444444445,1
175,1.0,55,Theodore,103.0,64,11.444444444444445,1
175,5.0,57,Ensign,103.0,154,11.444444444444445,1
175,0.0,63,Surtees,103.0,260,11.444444444444445,1
176,8.0,21,Arrows,17.0,590,2.125,4
176,5.0,34,Brabham,17.0,662,2.125,1
176,0.0,54,ATS,17.0,162,2.125,1
176,0.0,55,Theodore,17.0,64,2.125,1
176,4.0,57,Ensign,17.0,154,2.125,2
177,22.0,1,McLaren,159.5,1625,17.72222222222222,1
177,131.5,3,Williams,159.5,1379,17.72222222222222,4
177,0.0,54,ATS,159.5,162,17.72222222222222,1
177,0.0,55,Theodore,159.5,64,17.72222222222222,1
177,6.0,56,Fittipaldi,159.5,155,17.72222222222222,2
177,0.0,59,Wolf,159.5,79,17.72222222222222,2
178,171.0,3,Williams,206.0,1379,20.6,4
178,0.0,21,Arrows,206.0,590,20.6,1
178,4.0,26,Lola,206.0,165,20.6,2
178,22.0,58,Shadow,206.0,211,20.6,1
178,7.0,63,Surtees,206.0,260,20.6,1
178,0.0,64,Hesketh,206.0,97,20.6,1
178,2.0,75,Embassy Hill,206.0,19,20.6,1
179,0.0,45,Osella,0.0,252,0.0,1
179,0.0,49,Zakspeed,0.0,133,0.0,1
179,0.0,52,Spirit,0.0,25,0.0,1
180,0.0,45,Osella,0.0,252,0.0,1
181,0.0,21,Arrows,2.0,590,0.4,1
181,0.0,34,Brabham,2.0,662,0.4,1
181,0.0,50,RAM,2.0,71,0.4,1
181,2.0,54,ATS,2.0,162,0.4,3
182,128.0,1,McLaren,420.5,1625,32.34615384615385,4
182,242.5,6,Ferrari,420.5,2140,32.34615384615385,4
182,44.0,34,Brabham,420.5,662,32.34615384615385,1
182,0.0,37,March,420.5,524,32.34615384615385,1
182,2.0,66,BRM,420.5,562,32.34615384615385,1
182,0.0,182,Brabham-Ford,420.5,58,32.34615384615385,1
182,0.0,200,March-Ford,420.5,43,32.34615384615385,1
182,4.0,204,Brabham-Alfa Romeo,420.5,59,32.34615384615385,1
183,0.0,4,Renault,0.0,669,0.0,1
183,0.0,27,Ligier,0.0,611,0.0,1
183,0.0,34,Brabham,0.0,662,0.0,1
184,2.0,21,Arrows,5.0,590,1.25,1
184,3.0,51,Alfa Romeo,5.0,244,1.25,1
184,0.0,52,Spirit,5.0,25,1.25,2
185,4.0,25,Tyrrell,4.0,881,2.0,2
186,0.0,50,RAM,0.0,71,0.0,2
187,109.0,1,McLaren,169.0,1625,14.083333333333334,6
187,0.0,32,Team Lotus,169.0,871,14.083333333333334,1
187,40.0,34,Brabham,169.0,662,14.083333333333334,4
187,0.0,63,Surtees,169.0,260,14.083333333333334,1
187,20.0,67,Penske,169.0,46,14.083333333333334,2
188,0.0,53,Toleman,1.0,131,0.5,1
188,1.0,55,Theodore,1.0,64,0.5,1
189,0.0,45,Osella,0.0,252,0.0,1
190,0.0,34,Brabham,0.0,662,0.0,1
190,0.0,45,Osella,0.0,252,0.0,1
191,0.0,21,Arrows,0.0,590,0.0,1
191,0.0,25,Tyrrell,0.0,881,0.0,2
191,0.0,50,RAM,0.0,71,0.0,1
192,0.0,21,Arrows,1.0,590,0.3333333333333333,1
192,1.0,56,Fittipaldi,1.0,155,0.3333333333333333,2
193,2.0,25,Tyrrell,2.0,881,2.0,1
194,0.0,37,March,3.0,524,1.0,1
194,0.0,45,Osella,3.0,252,1.0,1
194,0.0,50,RAM,3.0,71,1.0,1
194,2.0,54,ATS,3.0,162,1.0,1
194,1.0,57,Ensign,3.0,154,1.0,1
195,0.0,55,Theodore,0.0,64,0.0,1
195,0.0,57,Ensign,0.0,154,0.0,1
196,0.0,27,Ligier,0.0,611,0.0,1
196,0.0,37,March,0.0,524,0.0,1
197,20.0,25,Tyrrell,31.5,881,2.625,2
197,0.0,27,Ligier,31.5,611,2.625,3
197,0.0,32,Team Lotus,31.5,871,2.625,1
197,0.0,37,March,31.5,524,2.625,1
197,3.0,45,Osella,31.5,252,2.625,2
197,0.0,54,ATS,31.5,162,2.625,1
197,6.0,58,Shadow,31.5,211,2.625,3
197,1.0,67,Penske,31.5,46,2.625,1
197,0.0,200,March-Ford,31.5,43,2.625,1
197,1.5,202,Shadow-Ford,31.5,26,2.625,1
197,0.0,203,Shadow-Matra,31.5,2,2.625,1
198,0.0,21,Arrows,0.0,590,0.0,1
198,0.0,50,RAM,0.0,71,0.0,1
199,104.0,3,Williams,310.0,1379,28.181818181818183,3
199,90.0,6,Ferrari,310.0,2140,28.181818181818183,3
199,25.0,32,Team Lotus,310.0,871,28.181818181818183,1
199,88.0,34,Brabham,310.0,662,28.181818181818183,4
199,3.0,204,Brabham-Alfa Romeo,310.0,59,28.181818181818183,1
200,64.0,1,McLaren,71.0,1625,7.888888888888889,4
200,7.0,21,Arrows,71.0,590,7.888888888888889,2
200,0.0,37,March,71.0,524,7.888888888888889,1
200,0.0,54,ATS,71.0,162,7.888888888888889,1
200,0.0,63,Surtees,71.0,260,7.888888888888889,2
201,0.0,25,Tyrrell,1.0,881,0.5,1
201,1.0,54,ATS,1.0,162,0.5,1
202,48.0,6,Ferrari,101.0,2140,20.2,2
202,21.0,25,Tyrrell,101.0,881,20.2,2
202,32.0,27,Ligier,101.0,611,20.2,1
203,0.0,1,McLaren,107.0,1625,17.833333333333332,1
203,107.0,6,Ferrari,107.0,2140,17.833333333333332,6
204,0.0,45,Osella,0.0,252,0.0,1
205,0.0,21,Arrows,0.0,590,0.0,1
205,0.0,25,Tyrrell,0.0,881,0.0,1
205,0.0,32,Team Lotus,0.0,871,0.0,1
205,0.0,37,March,0.0,524,0.0,1
205,0.0,53,Toleman,0.0,131,0.0,1
205,0.0,70,Boro,0.0,8,0.0,1
206,8.0,3,Williams,15.0,1379,3.0,1
206,6.0,25,Tyrrell,15.0,881,3.0,2
206,0.0,37,March,15.0,524,3.0,1
206,0.0,55,Theodore,15.0,64,3.0,1
206,1.0,57,Ensign,15.0,154,3.0,2
206,0.0,64,Hesketh,15.0,97,3.0,1
207,0.0,3,Williams,180.0,1379,12.857142857142858,1
207,20.0,6,Ferrari,180.0,2140,12.857142857142858,3
207,147.0,32,Team Lotus,180.0,871,12.857142857142858,5
207,4.0,37,March,180.0,524,12.857142857142858,1
207,3.0,51,Alfa Romeo,180.0,244,12.857142857142858,1
207,6.0,73,Parnelli,180.0,16,12.857142857142858,3
207,0.0,180,Lotus-Ford,180.0,128,12.857142857142858,2
208,0.0,1,McLaren,0.0,1625,0.0,2
208,0.0,37,March,0.0,524,0.0,1
208,0.0,182,Brabham-Ford,0.0,58,0.0,1
209,0.0,3,Williams,0.0,1379,0.0,1
209,0.0,25,Tyrrell,0.0,881,0.0,1
209,0.0,32,Team Lotus,0.0,871,0.0,1
209,0.0,55,Theodore,0.0,64,0.0,1
209,0.0,57,Ensign,0.0,154,0.0,2
209,0.0,58,Shadow,0.0,211,0.0,1
210,0.0,55,Theodore,0.0,64,0.0,1
211,0.0,3,Williams,0.0,1379,0.0,1
211,0.0,37,March,0.0,524,0.0,1
211,0.0,63,Surtees,0.0,260,0.0,1
211,0.0,64,Hesketh,0.0,97,0.0,1
212,1.0,32,Team Lotus,13.0,871,2.6,2
212,12.0,34,Brabham,13.0,662,2.6,2
212,0.0,62,Rebaque,13.0,3,2.6,1
212,0.0,64,Hesketh,13.0,97,2.6,1
213,0.0,45,Osella,0.0,252,0.0,1
213,0.0,63,Surtees,0.0,260,0.0,1
214,0.0,3,Williams,0.0,1379,0.0,1
214,0.0,25,Tyrrell,0.0,881,0.0,1
215,0.0,45,Osella,0.0,252,0.0,1
216,0.0,21,Arrows,0.0,590,0.0,1
217,0.0,25,Tyrrell,0.0,881,0.0,1
217,0.0,34,Brabham,0.0,662,0.0,1
217,0.0,182,Brabham-Ford,0.0,58,0.0,1
218,0.0,57,Ensign,0.0,154,0.0,1
219,21.0,4,Renault,21.0,669,3.0,4
219,0.0,25,Tyrrell,21.0,881,3.0,1
219,0.0,27,Ligier,21.0,611,3.0,1
219,0.0,63,Surtees,21.0,260,3.0,1
219,0.0,80,Iso Marlboro,21.0,55,3.0,1
220,0.0,34,Brabham,0.0,662,0.0,1
220,0.0,45,Osella,0.0,252,0.0,1
221,119.0,25,Tyrrell,141.0,881,17.625,6
221,22.0,27,Ligier,141.0,611,17.625,1
221,0.0,51,Alfa Romeo,141.0,244,17.625,1
222,0.0,1,McLaren,255.0,1625,28.333333333333332,2
222,62.0,6,Ferrari,255.0,2140,28.333333333333332,2
222,114.0,25,Tyrrell,255.0,881,28.333333333333332,3
222,79.0,59,Wolf,255.0,79,28.333333333333332,2
223,32.0,3,Williams,212.0,1379,19.272727272727273,1
223,169.0,6,Ferrari,212.0,2140,19.272727272727273,6
223,5.0,57,Ensign,212.0,154,19.272727272727273,2
223,4.0,58,Shadow,212.0,211,19.272727272727273,1
223,2.0,66,BRM,212.0,562,19.272727272727273,1
224,100.0,1,McLaren,281.0,1625,25.545454545454547,2
224,128.0,32,Team Lotus,281.0,871,25.545454545454547,3
224,37.0,56,Fittipaldi,281.0,155,25.545454545454547,5
224,16.0,180,Lotus-Ford,281.0,128,25.545454545454547,1
224,0.0,201,Lotus-Pratt &amp; Whitney,281.0,3,25.545454545454547,1
225,0.0,58,Shadow,0.0,211,0.0,1
226,0.0,1,McLaren,0.0,1625,0.0,1
227,0.0,57,Ensign,0.0,154,0.0,1
228,0.0,3,Williams,0.0,1379,0.0,1
229,0.0,54,ATS,0.0,162,0.0,2
229,0.0,57,Ensign,0.0,154,0.0,1
229,0.0,64,Hesketh,0.0,97,0.0,3
230,8.5,37,March,15.5,524,2.2142857142857144,3
230,0.0,51,Alfa Romeo,15.5,244,2.2142857142857144,2
230,7.0,63,Surtees,15.5,260,2.2142857142857144,2
231,117.0,1,McLaren,179.0,1625,25.571428571428573,3
231,14.0,37,March,179.0,524,25.571428571428573,2
231,0.0,59,Wolf,179.0,79,25.571428571428573,1
231,48.0,64,Hesketh,179.0,97,25.571428571428573,2
232,0.0,3,Williams,11.0,1379,1.375,1
232,7.0,6,Ferrari,11.0,2140,1.375,2
232,0.0,37,March,11.0,524,1.375,2
232,0.0,56,Fittipaldi,11.0,155,1.375,1
232,0.0,58,Shadow,11.0,211,1.375,1
232,0.0,59,Wolf,11.0,79,1.375,1
232,0.0,60,Merzario,11.0,32,1.375,2
232,4.0,80,Iso Marlboro,11.0,55,1.375,1
233,12.0,34,Brabham,29.0,662,4.833333333333333,1
233,13.0,37,March,29.0,524,4.833333333333333,4
233,2.0,54,ATS,29.0,162,4.833333333333333,1
233,2.0,58,Shadow,29.0,211,4.833333333333333,1
234,0.0,60,Merzario,0.0,32,0.0,1
234,0.0,61,Kauhsen,0.0,2,0.0,1
235,4.0,1,McLaren,181.0,1625,13.923076923076923,1
235,121.0,6,Ferrari,181.0,2140,13.923076923076923,5
235,3.0,27,Ligier,181.0,611,13.923076923076923,1
235,15.0,32,Team Lotus,181.0,871,13.923076923076923,2
235,0.0,57,Ensign,181.0,154,13.923076923076923,3
235,0.0,59,Wolf,181.0,79,13.923076923076923,1
235,0.0,80,Iso Marlboro,181.0,55,13.923076923076923,1
235,0.0,82,Matra,181.0,71,13.923076923076923,1
235,1.0,167,Cooper-Maserati,181.0,134,13.923076923076923,1
235,37.0,182,Brabham-Ford,181.0,58,13.923076923076923,1
236,0.0,57,Ensign,0.0,154,0.0,1
237,0.0,37,March,0.0,524,0.0,1
237,0.0,56,Fittipaldi,0.0,155,0.0,1
237,0.0,64,Hesketh,0.0,97,0.0,1
238,7.0,25,Tyrrell,206.0,881,22.88888888888889,1
238,144.0,32,Team Lotus,206.0,871,22.88888888888889,5
238,22.0,37,March,206.0,524,22.88888888888889,3
238,0.0,199,March-Alfa Romeo,206.0,9,22.88888888888889,1
238,33.0,200,March-Ford,206.0,43,22.88888888888889,1
239,0.0,1,McLaren,0.0,1625,0.0,2
239,0.0,37,March,0.0,524,0.0,1
239,0.0,57,Ensign,0.0,154,0.0,1
239,0.0,63,Surtees,0.0,260,0.0,1
239,0.0,64,Hesketh,0.0,97,0.0,1
240,0.0,57,Ensign,0.0,154,0.0,1
240,0.0,58,Shadow,0.0,211,0.0,1
240,0.0,67,Penske,0.0,46,0.0,1
241,0.0,57,Ensign,0.0,154,0.0,1
241,0.0,63,Surtees,0.0,260,0.0,1
242,0.0,63,Surtees,0.0,260,0.0,1
242,0.0,64,Hesketh,0.0,97,0.0,1
243,0.0,21,Arrows,14.0,590,1.75,1
243,0.0,26,Lola,14.0,165,1.75,2
243,10.0,34,Brabham,14.0,662,1.75,2
243,0.0,37,March,14.0,524,1.75,1
243,3.0,63,Surtees,14.0,260,1.75,1
243,0.0,64,Hesketh,14.0,97,1.75,1
243,0.0,75,Embassy Hill,14.0,19,1.75,1
243,1.0,204,Brabham-Alfa Romeo,14.0,59,1.75,1
244,0.0,54,ATS,0.0,162,0.0,1
244,0.0,60,Merzario,0.0,32,0.0,1
245,0.0,1,McLaren,0.0,1625,0.0,1
245,0.0,63,Surtees,0.0,260,0.0,1
245,0.0,74,Maki,0.0,8,0.0,2
246,0.0,54,ATS,0.0,162,0.0,1
246,0.0,57,Ensign,0.0,154,0.0,1
246,0.0,59,Wolf,0.0,79,0.0,1
246,0.0,63,Surtees,0.0,260,0.0,1
246,0.0,67,Penske,0.0,46,0.0,1
247,0.0,37,March,0.0,524,0.0,1
247,0.0,54,ATS,0.0,162,0.0,1
248,0.0,63,Surtees,0.0,260,0.0,1
249,0.0,59,Wolf,0.0,79,0.0,1
250,38.0,34,Brabham,58.0,662,9.666666666666666,3
250,3.0,37,March,58.0,524,9.666666666666666,1
250,10.0,63,Surtees,58.0,260,9.666666666666666,2
250,7.0,204,Brabham-Alfa Romeo,58.0,59,9.666666666666666,1
251,0.0,3,Williams,0.0,1379,0.0,1
251,0.0,25,Tyrrell,0.0,881,0.0,2
251,0.0,32,Team Lotus,0.0,871,0.0,1
251,0.0,37,March,0.0,524,0.0,1
251,0.0,64,Hesketh,0.0,97,0.0,1
252,11.0,58,Shadow,19.0,211,4.75,3
252,0.0,79,Token,19.0,4,4.75,1
252,8.0,202,Shadow-Ford,19.0,26,4.75,1
253,0.0,56,Fittipaldi,0.0,155,0.0,2
254,0.0,3,Williams,1.0,1379,0.3333333333333333,2
254,1.0,58,Shadow,1.0,211,0.3333333333333333,1
255,31.0,32,Team Lotus,31.0,871,15.5,2
256,0.0,63,Surtees,0.0,260,0.0,1
256,0.0,66,BRM,0.0,562,0.0,1
256,0.0,70,Boro,0.0,8,0.0,1
256,0.0,78,Amon,0.0,5,0.0,1
256,0.0,204,Brabham-Alfa Romeo,0.0,59,0.0,1
257,0.0,37,March,0.0,524,0.0,1
257,0.0,67,Penske,0.0,46,0.0,1
258,0.0,37,March,0.0,524,0.0,1
258,0.0,57,Ensign,0.0,154,0.0,1
258,0.0,182,Brabham-Ford,0.0,58,0.0,1
259,0.0,37,March,0.0,524,0.0,1
259,0.0,68,LEC,0.0,5,0.0,1
259,0.0,79,Token,0.0,4,0.0,1
260,0.0,63,Surtees,0.0,260,0.0,1
260,0.0,66,BRM,0.0,562,0.0,1
261,0.0,37,March,0.0,524,0.0,1
262,0.0,1,McLaren,13.0,1625,1.625,1
262,4.0,58,Shadow,13.0,211,1.625,2
262,3.0,66,BRM,13.0,562,1.625,3
262,6.0,180,Lotus-Ford,13.0,128,1.625,2
262,0.0,197,BRM-Ford,13.0,1,1.625,1
263,0.0,37,March,0.0,524,0.0,1
264,0.0,37,March,0.0,524,0.0,1
265,0.0,26,Lola,0.0,165,0.0,1
265,0.0,64,Hesketh,0.0,97,0.0,1
265,0.0,66,BRM,0.0,562,0.0,1
266,0.0,69,McGuire,0.0,1,0.0,1
267,0.0,57,Ensign,0.0,154,0.0,1
267,0.0,63,Surtees,0.0,260,0.0,1
267,0.0,75,Embassy Hill,0.0,19,0.0,1
268,0.0,67,Penske,0.0,46,0.0,1
269,0.0,34,Brabham,0.0,662,0.0,1
269,0.0,66,BRM,0.0,562,0.0,1
270,0.0,3,Williams,0.0,1379,0.0,1
270,0.0,34,Brabham,0.0,662,0.0,1
270,0.0,64,Hesketh,0.0,97,0.0,1
270,0.0,66,BRM,0.0,562,0.0,1
270,0.0,79,Token,0.0,4,0.0,1
271,0.0,71,Apollon,0.0,1,0.0,1
271,0.0,182,Brabham-Ford,0.0,58,0.0,1
272,0.0,25,Tyrrell,0.0,881,0.0,1
273,0.0,25,Tyrrell,0.0,881,0.0,1
273,0.0,72,Kojima,0.0,3,0.0,1
274,0.0,63,Surtees,0.0,260,0.0,1
274,0.0,72,Kojima,0.0,3,0.0,1
275,0.0,3,Williams,0.5,1379,0.16666666666666666,1
275,0.0,34,Brabham,0.5,662,0.16666666666666666,1
275,0.5,37,March,0.5,524,0.16666666666666666,2
275,0.0,182,Brabham-Ford,0.5,58,0.16666666666666666,1
276,0.0,32,Team Lotus,0.0,871,0.0,1
276,0.0,66,BRM,0.0,562,0.0,1
276,0.0,182,Brabham-Ford,0.0,58,0.0,1
277,0.0,25,Tyrrell,0.0,881,0.0,1
277,0.0,59,Wolf,0.0,79,0.0,1
278,34.0,6,Ferrari,83.0,2140,5.928571428571429,3
278,0.0,25,Tyrrell,83.0,881,5.928571428571429,1
278,0.0,26,Lola,83.0,165,5.928571428571429,1
278,23.0,37,March,83.0,524,5.928571428571429,1
278,2.0,57,Ensign,83.0,154,5.928571428571429,2
278,0.0,59,Wolf,83.0,79,5.928571428571429,1
278,0.0,66,BRM,83.0,562,5.928571428571429,1
278,0.0,78,Amon,83.0,5,5.928571428571429,1
278,1.0,81,Tecno,83.0,11,5.928571428571429,1
278,21.0,82,Matra,83.0,71,5.928571428571429,2
278,0.0,167,Cooper-Maserati,83.0,134,5.928571428571429,1
278,0.0,172,Lotus-Climax,83.0,231,5.928571428571429,1
278,2.0,176,Lotus-BRM,83.0,121,5.928571428571429,3
278,0.0,181,Brabham-BRM,83.0,41,5.928571428571429,1
279,0.0,3,Williams,0.0,1379,0.0,1
280,0.0,37,March,12.0,524,1.7142857142857142,2
280,0.0,63,Surtees,12.0,260,1.7142857142857142,1
280,0.0,66,BRM,12.0,562,1.7142857142857142,1
280,0.0,80,Iso Marlboro,12.0,55,1.7142857142857142,1
280,8.0,82,Matra,12.0,71,1.7142857142857142,2
280,0.0,83,Politoys,12.0,1,1.7142857142857142,1
280,4.0,200,March-Ford,12.0,43,1.7142857142857142,1
281,0.0,182,Brabham-Ford,0.0,58,0.0,1
282,0.0,3,Williams,0.0,1379,0.0,1
282,0.0,182,Brabham-Ford,0.0,58,0.0,1
283,0.0,37,March,0.0,524,0.0,1
283,0.0,57,Ensign,0.0,154,0.0,1
283,0.0,58,Shadow,0.0,211,0.0,1
283,0.0,66,BRM,0.0,562,0.0,1
284,0.0,25,Tyrrell,0.0,881,0.0,1
285,0.0,25,Tyrrell,0.0,881,0.0,1
286,0.0,59,Wolf,0.0,79,0.0,1
287,0.0,72,Kojima,0.0,3,0.0,1
288,4.0,1,McLaren,8.0,1625,2.6666666666666665,1
288,2.0,37,March,8.0,524,2.6666666666666665,1
288,2.0,67,Penske,8.0,46,2.6666666666666665,2
289,1.0,26,Lola,289.0,165,16.055555555555557,2
289,7.0,32,Team Lotus,289.0,871,16.055555555555557,3
289,6.0,34,Brabham,289.0,662,16.055555555555557,2
289,0.0,58,Shadow,289.0,211,16.055555555555557,1
289,193.0,66,BRM,289.0,562,16.055555555555557,7
289,0.0,75,Embassy Hill,289.0,19,16.055555555555557,1
289,6.0,176,Lotus-BRM,289.0,121,16.055555555555557,1
289,76.0,180,Lotus-Ford,289.0,128,16.055555555555557,3
290,3.0,34,Brabham,3.0,662,1.0,2
290,0.0,56,Fittipaldi,3.0,155,1.0,1
291,0.0,32,Team Lotus,0.0,871,0.0,1
292,0.0,25,Tyrrell,0.0,881,0.0,2
292,0.0,32,Team Lotus,0.0,871,0.0,1
293,0.0,1,McLaren,0.0,1625,0.0,2
293,0.0,32,Team Lotus,0.0,871,0.0,3
293,0.0,34,Brabham,0.0,662,0.0,1
293,0.0,180,Lotus-Ford,0.0,128,0.0,2
293,0.0,183,Brabham-Climax,0.0,93,0.0,1
293,0.0,191,Brabham-Repco,0.0,77,0.0,1
294,0.0,3,Williams,1.0,1379,1.0,1
294,1.0,75,Embassy Hill,1.0,19,1.0,1
295,0.0,57,Ensign,0.0,154,0.0,1
296,0.0,3,Williams,0.0,1379,0.0,1
296,0.0,26,Lola,0.0,165,0.0,1
296,0.0,66,BRM,0.0,562,0.0,1
296,0.0,75,Embassy Hill,0.0,19,0.0,1
296,0.0,84,Connew,0.0,1,0.0,1
297,0.0,64,Hesketh,0.0,97,0.0,1
298,1.0,57,Ensign,2.0,154,0.5,1
298,0.0,63,Surtees,2.0,260,0.5,1
298,1.0,80,Iso Marlboro,2.0,55,0.5,2
299,0.0,74,Maki,0.0,8,0.0,1
300,0.0,76,Lyncar,0.0,2,0.0,2
301,0.0,63,Surtees,0.0,260,0.0,1
302,0.0,32,Team Lotus,0.0,871,0.0,1
303,0.0,3,Williams,0.0,1379,0.0,1
304,94.0,1,McLaren,248.0,1625,24.8,5
304,5.0,183,Brabham-Climax,248.0,93,24.8,2
304,78.0,187,McLaren-Ford,248.0,87,24.8,3
304,69.0,191,Brabham-Repco,248.0,77,24.8,2
304,2.0,194,McLaren-BRM,248.0,14,24.8,1
305,12.0,1,McLaren,29.0,1625,4.142857142857143,1
305,0.0,26,Lola,29.0,165,4.142857142857143,1
305,16.0,63,Surtees,29.0,260,4.142857142857143,3
305,0.0,172,Lotus-Climax,29.0,231,4.142857142857143,1
305,1.0,176,Lotus-BRM,29.0,121,4.142857142857143,2
306,28.0,66,BRM,77.0,562,9.625,3
306,25.0,82,Matra,77.0,71,9.625,4
306,0.0,187,McLaren-Ford,77.0,87,9.625,2
306,24.0,196,Matra-Ford,77.0,40,9.625,2
307,0.0,37,March,10.0,524,2.5,1
307,9.0,66,BRM,10.0,562,2.5,2
307,0.0,74,Maki,10.0,8,2.5,1
307,1.0,80,Iso Marlboro,10.0,55,2.5,1
308,0.0,34,Brabham,0.0,662,0.0,1
308,0.0,80,Iso Marlboro,0.0,55,0.0,1
309,61.0,1,McLaren,61.0,1625,12.2,2
309,0.0,25,Tyrrell,61.0,881,12.2,1
309,0.0,58,Shadow,61.0,211,12.2,1
309,0.0,172,Lotus-Climax,61.0,231,12.2,1
309,0.0,176,Lotus-BRM,61.0,121,12.2,1
310,0.0,32,Team Lotus,0.0,871,0.0,1
310,0.0,176,Lotus-BRM,0.0,121,0.0,1
311,0.0,80,Iso Marlboro,0.0,55,0.0,1
312,4.0,1,McLaren,8.0,1625,1.3333333333333333,1
312,0.0,58,Shadow,8.0,211,1.3333333333333333,2
312,0.0,63,Surtees,8.0,260,1.3333333333333333,1
312,0.0,66,BRM,8.0,562,1.3333333333333333,1
312,0.0,86,De Tomaso,8.0,14,1.3333333333333333,1
312,0.0,167,Cooper-Maserati,8.0,134,1.3333333333333333,1
312,4.0,195,Cooper-BRM,8.0,21,1.3333333333333333,1
313,0.0,34,Brabham,0.0,662,0.0,1
313,0.0,57,Ensign,0.0,154,0.0,1
314,0.0,32,Team Lotus,7.0,871,1.4,1
314,5.0,34,Brabham,7.0,662,1.4,1
314,2.0,63,Surtees,7.0,260,1.4,1
314,0.0,77,Trojan,7.0,8,1.4,1
314,0.0,80,Iso Marlboro,7.0,55,1.4,1
314,0.0,86,De Tomaso,7.0,14,1.4,1
315,0.0,34,Brabham,0.0,662,0.0,1
316,0.0,63,Surtees,0.0,260,0.0,1
317,4.0,32,Team Lotus,13.0,871,2.6,2
317,0.0,37,March,13.0,524,2.6,2
317,0.0,66,BRM,13.0,562,2.6,1
317,9.0,180,Lotus-Ford,13.0,128,2.6,1
317,0.0,201,Lotus-Pratt &amp; Whitney,13.0,3,2.6,1
318,0.0,58,Shadow,0.0,211,0.0,1
319,0.0,63,Surtees,0.0,260,0.0,1
320,0.0,1,McLaren,11.0,1625,2.2,1
320,0.0,26,Lola,11.0,165,2.2,1
320,10.0,66,BRM,11.0,562,2.2,3
320,1.0,187,McLaren-Ford,11.0,87,2.2,1
321,0.0,6,Ferrari,1.0,2140,0.16666666666666666,1
321,0.0,34,Brabham,1.0,662,0.16666666666666666,1
321,1.0,63,Surtees,1.0,260,0.16666666666666666,3
321,0.0,81,Tecno,1.0,11,0.16666666666666666,1
321,0.0,187,McLaren-Ford,1.0,87,0.16666666666666666,1
322,0.0,1,McLaren,0.0,1625,0.0,2
322,0.0,11,Honda,0.0,152,0.0,1
322,0.0,26,Lola,0.0,165,0.0,1
322,0.0,66,BRM,0.0,562,0.0,1
323,0.0,63,Surtees,0.0,260,0.0,1
324,0.0,34,Brabham,0.0,662,0.0,1
324,0.0,63,Surtees,0.0,260,0.0,1
325,0.0,34,Brabham,0.0,662,0.0,1
326,0.0,34,Brabham,0.0,662,0.0,1
326,0.0,180,Lotus-Ford,0.0,128,0.0,1
327,88.0,25,Tyrrell,89.0,881,22.25,3
327,1.0,37,March,89.0,524,22.25,1
328,178.0,25,Tyrrell,360.0,881,40.0,4
328,25.0,37,March,360.0,524,40.0,1
328,58.0,66,BRM,360.0,562,40.0,3
328,99.0,196,Matra-Ford,360.0,40,40.0,2
329,0.0,37,March,0.0,524,0.0,2
329,0.0,200,March-Ford,0.0,43,0.0,1
330,0.0,6,Ferrari,0.0,2140,0.0,1
330,0.0,80,Iso Marlboro,0.0,55,0.0,1
330,0.0,81,Tecno,0.0,11,0.0,1
330,0.0,198,McLaren-Alfa Romeo,0.0,11,0.0,1
330,0.0,199,March-Alfa Romeo,0.0,9,0.0,1
330,0.0,200,March-Ford,0.0,43,0.0,1
331,0.0,63,Surtees,0.0,260,0.0,1
332,5.0,58,Shadow,5.0,211,5.0,1
333,0.0,6,Ferrari,6.0,2140,1.2,1
333,3.0,34,Brabham,6.0,662,1.2,1
333,3.0,63,Surtees,6.0,260,1.2,2
333,0.0,198,McLaren-Alfa Romeo,6.0,11,1.2,1
333,0.0,199,March-Alfa Romeo,6.0,9,1.2,1
334,0.0,34,Brabham,0.0,662,0.0,1
334,0.0,80,Iso Marlboro,0.0,55,0.0,1
334,0.0,183,Brabham-Climax,0.0,93,0.0,1
334,0.0,185,LDS-Alfa Romeo,0.0,2,0.0,1
335,0.0,37,March,0.0,524,0.0,1
336,0.0,80,Iso Marlboro,0.0,55,0.0,1
337,0.0,66,BRM,0.0,562,0.0,2
338,0.0,32,Team Lotus,0.0,871,0.0,1
338,0.0,201,Lotus-Pratt &amp; Whitney,0.0,3,0.0,1
339,0.0,32,Team Lotus,0.0,871,0.0,1
339,0.0,66,BRM,0.0,562,0.0,1
339,0.0,200,March-Ford,0.0,43,0.0,1
340,0.0,32,Team Lotus,6.0,871,0.6,1
340,0.0,63,Surtees,6.0,260,0.6,1
340,6.0,170,Cooper-Climax,6.0,268,0.6,5
340,0.0,180,Lotus-Ford,6.0,128,0.6,1
340,0.0,191,Brabham-Repco,6.0,77,0.6,1
340,0.0,200,March-Ford,6.0,43,0.6,1
341,88.0,6,Ferrari,180.0,2140,13.846153846153847,4
341,32.0,11,Honda,180.0,152,13.846153846153847,2
341,19.0,26,Lola,180.0,165,13.846153846153847,1
341,6.0,32,Team Lotus,180.0,871,13.846153846153847,1
341,5.0,63,Surtees,180.0,260,13.846153846153847,3
341,6.0,66,BRM,180.0,562,13.846153846153847,1
341,19.0,167,Cooper-Maserati,180.0,134,13.846153846153847,1
341,4.0,170,Cooper-Climax,180.0,268,13.846153846153847,1
341,1.0,187,McLaren-Ford,180.0,87,13.846153846153847,1
342,0.0,37,March,0.0,524,0.0,1
342,0.0,200,March-Ford,0.0,43,0.0,1
343,0.0,66,BRM,0.0,562,0.0,2
343,0.0,180,Lotus-Ford,0.0,128,0.0,1
344,0.0,63,Surtees,0.0,260,0.0,2
345,6.0,6,Ferrari,71.0,2140,7.888888888888889,3
345,50.0,66,BRM,71.0,562,7.888888888888889,4
345,15.0,167,Cooper-Maserati,71.0,134,7.888888888888889,1
345,0.0,172,Lotus-Climax,71.0,231,7.888888888888889,2
345,0.0,176,Lotus-BRM,71.0,121,7.888888888888889,1
346,0.0,37,March,68.0,524,6.8,1
346,19.0,66,BRM,68.0,562,6.8,1
346,9.0,167,Cooper-Maserati,68.0,134,6.8,3
346,0.0,172,Lotus-Climax,68.0,231,6.8,1
346,1.0,176,Lotus-BRM,68.0,121,6.8,3
346,27.0,180,Lotus-Ford,68.0,128,6.8,2
346,12.0,181,Brabham-BRM,68.0,41,6.8,3
346,0.0,183,Brabham-Climax,68.0,93,6.8,1
347,0.0,1,McLaren,39.0,1625,2.4375,1
347,2.0,11,Honda,39.0,152,2.4375,1
347,17.0,66,BRM,39.0,562,2.4375,3
347,6.0,95,Porsche,39.0,84,2.4375,2
347,0.0,105,Maserati,39.0,436,2.4375,3
347,4.0,167,Cooper-Maserati,39.0,134,2.4375,3
347,8.0,170,Cooper-Climax,39.0,268,2.4375,2
347,0.0,180,Lotus-Ford,39.0,128,2.4375,1
347,0.0,181,Brabham-BRM,39.0,41,2.4375,1
347,1.0,183,Brabham-Climax,39.0,93,2.4375,3
347,0.0,187,McLaren-Ford,39.0,87,2.4375,1
347,1.0,194,McLaren-BRM,39.0,14,2.4375,1
348,0.0,200,March-Ford,0.0,43,0.0,1
349,0.0,200,March-Ford,0.0,43,0.0,1
350,0.0,66,BRM,8.0,562,2.6666666666666665,1
350,0.0,167,Cooper-Maserati,8.0,134,2.6666666666666665,1
350,3.0,187,McLaren-Ford,8.0,87,2.6666666666666665,1
350,5.0,195,Cooper-BRM,8.0,21,2.6666666666666665,1
351,0.0,85,Bellasi,3.0,6,0.6,2
351,1.0,182,Brabham-Ford,3.0,58,0.6,1
351,2.0,191,Brabham-Repco,3.0,77,0.6,1
351,0.0,193,Cooper-ATS,3.0,1,0.6,1
352,0.0,66,BRM,0.0,562,0.0,3
353,0.0,32,Team Lotus,0.0,871,0.0,2
353,0.0,171,Cooper-Castellotti,0.0,6,0.0,1
353,0.0,180,Lotus-Ford,0.0,128,0.0,2
354,0.0,34,Brabham,0.0,662,0.0,1
355,0.0,66,BRM,0.0,562,0.0,1
356,45.0,34,Brabham,261.0,662,16.3125,3
356,3.0,87,Cooper,261.0,103,16.3125,3
356,0.0,105,Maserati,261.0,436,16.3125,1
356,81.0,170,Cooper-Climax,261.0,268,16.3125,3
356,3.0,172,Lotus-Climax,261.0,231,16.3125,2
356,14.0,182,Brabham-Ford,261.0,58,16.3125,1
356,20.0,183,Brabham-Climax,261.0,93,16.3125,2
356,95.0,191,Brabham-Repco,261.0,77,16.3125,3
357,2.0,32,Team Lotus,2.0,871,1.0,1
357,0.0,180,Lotus-Ford,2.0,128,1.0,1
358,45.0,32,Team Lotus,109.0,871,15.571428571428571,1
358,30.0,167,Cooper-Maserati,109.0,134,15.571428571428571,2
358,4.0,170,Cooper-Climax,109.0,268,15.571428571428571,1
358,22.0,180,Lotus-Ford,109.0,128,15.571428571428571,1
358,0.0,181,Brabham-BRM,109.0,41,15.571428571428571,1
358,8.0,191,Brabham-Repco,109.0,77,15.571428571428571,1
359,2.0,37,March,9.0,524,2.25,1
359,0.0,82,Matra,9.0,71,2.25,1
359,0.0,195,Cooper-BRM,9.0,21,2.25,1
359,7.0,196,Matra-Ford,9.0,40,2.25,2
360,0.0,1,McLaren,196.5,1625,15.115384615384615,1
360,0.0,87,Cooper,196.5,103,15.115384615384615,1
360,136.5,170,Cooper-Climax,196.5,268,15.115384615384615,7
360,56.0,187,McLaren-Ford,196.5,87,15.115384615384615,4
360,1.0,188,McLaren-Serenissima,196.5,2,15.115384615384615,1
360,0.0,190,Eagle-Weslake,196.5,21,15.115384615384615,1
360,3.0,194,McLaren-BRM,196.5,14,15.115384615384615,1
361,4.0,66,BRM,20.0,562,5.0,2
361,0.0,86,De Tomaso,20.0,14,5.0,1
361,0.0,176,Lotus-BRM,20.0,121,5.0,1
361,16.0,182,Brabham-Ford,20.0,58,5.0,1
362,0.0,34,Brabham,0.0,662,0.0,1
362,0.0,51,Alfa Romeo,0.0,244,0.0,2
362,0.0,191,Brabham-Repco,0.0,77,0.0,1
363,3.0,6,Ferrari,3.0,2140,3.0,1
364,13.0,6,Ferrari,133.0,2140,12.090909090909092,1
364,19.0,34,Brabham,133.0,662,12.090909090909092,1
364,0.0,66,BRM,133.0,562,12.090909090909092,1
364,36.0,95,Porsche,133.0,84,12.090909090909092,2
364,0.0,176,Lotus-BRM,133.0,121,12.090909090909092,1
364,44.0,183,Brabham-Climax,133.0,93,12.090909090909092,2
364,4.0,187,McLaren-Ford,133.0,87,12.090909090909092,2
364,4.0,189,Eagle-Climax,133.0,13,12.090909090909092,2
364,13.0,190,Eagle-Weslake,133.0,21,12.090909090909092,3
364,0.0,191,Brabham-Repco,133.0,77,12.090909090909092,1
365,0.0,26,Lola,0.0,165,0.0,2
365,0.0,37,March,0.0,524,0.0,1
366,0.0,34,Brabham,0.0,662,0.0,1
367,0.0,66,BRM,0.0,562,0.0,1
368,0.0,89,LDS,0.0,4,0.0,2
368,0.0,172,Lotus-Climax,0.0,231,0.0,1
368,0.0,184,LDS-Climax,0.0,2,0.0,1
368,0.0,185,LDS-Alfa Romeo,0.0,2,0.0,1
368,0.0,191,Brabham-Repco,0.0,77,0.0,1
369,0.0,170,Cooper-Climax,0.0,268,0.0,1
369,0.0,187,McLaren-Ford,0.0,87,0.0,1
370,6.0,66,BRM,11.0,562,2.2,2
370,0.0,167,Cooper-Maserati,11.0,134,2.2,1
370,2.0,176,Lotus-BRM,11.0,121,2.2,1
370,3.0,180,Lotus-Ford,11.0,128,2.2,1
371,0.0,189,Eagle-Climax,0.0,13,0.0,2
372,0.0,183,Brabham-Climax,0.0,93,0.0,1
373,8.0,32,Team Lotus,274.0,871,30.444444444444443,1
373,207.0,172,Lotus-Climax,274.0,231,30.444444444444443,7
373,9.0,176,Lotus-BRM,274.0,121,30.444444444444443,2
373,50.0,180,Lotus-Ford,274.0,128,30.444444444444443,2
374,9.0,66,BRM,27.0,562,4.5,2
374,14.0,172,Lotus-Climax,27.0,231,4.5,3
374,4.0,176,Lotus-BRM,27.0,121,4.5,1
375,11.0,6,Ferrari,17.0,2140,2.8333333333333335,5
375,0.0,190,Eagle-Weslake,17.0,21,2.8333333333333335,1
375,6.0,195,Cooper-BRM,17.0,21,2.8333333333333335,1
376,0.0,26,Lola,6.0,165,0.8571428571428571,1
376,0.0,66,BRM,6.0,562,0.8571428571428571,1
376,0.0,99,Emeryson,6.0,11,0.8571428571428571,1
376,0.0,100,ENB,6.0,1,0.8571428571428571,1
376,1.0,170,Cooper-Climax,6.0,268,0.8571428571428571,2
376,0.0,172,Lotus-Climax,6.0,231,0.8571428571428571,2
376,5.0,195,Cooper-BRM,6.0,21,0.8571428571428571,1
377,0.0,11,Honda,0.0,152,0.0,1
377,0.0,82,Matra,0.0,71,0.0,1
378,0.0,195,Cooper-BRM,0.0,21,0.0,1
379,0.0,90,Protos,0.0,2,0.0,1
379,0.0,191,Brabham-Repco,0.0,77,0.0,1
380,0.0,66,BRM,0.0,562,0.0,1
380,0.0,181,Brabham-BRM,0.0,41,0.0,1
380,0.0,182,Brabham-Ford,0.0,58,0.0,1
381,0.0,66,BRM,0.0,562,0.0,1
382,0.0,66,BRM,0.0,562,0.0,1
382,0.0,167,Cooper-Maserati,0.0,134,0.0,1
382,0.0,172,Lotus-Climax,0.0,231,0.0,2
382,0.0,176,Lotus-BRM,0.0,121,0.0,1
382,0.0,180,Lotus-Ford,0.0,128,0.0,2
383,0.0,26,Lola,8.0,165,1.6,1
383,8.0,183,Brabham-Climax,8.0,93,1.6,4
384,0.0,183,Brabham-Climax,0.0,93,0.0,1
385,56.0,6,Ferrari,58.0,2140,8.285714285714286,6
385,2.0,66,BRM,58.0,562,8.285714285714286,1
385,0.0,167,Cooper-Maserati,58.0,134,8.285714285714286,1
386,24.0,6,Ferrari,107.0,2140,13.375,2
386,14.0,11,Honda,107.0,152,13.375,2
386,67.0,66,BRM,107.0,562,13.375,3
386,0.0,106,Scarab,107.0,9,13.375,1
386,2.0,167,Cooper-Maserati,107.0,134,13.375,1
386,0.0,189,Eagle-Climax,107.0,13,13.375,1
387,14.0,6,Ferrari,14.0,2140,4.666666666666667,2
387,0.0,123,Fry,14.0,1,4.666666666666667,1
388,2.0,66,BRM,2.0,562,1.0,1
388,0.0,176,Lotus-BRM,2.0,121,1.0,1
388,0.0,183,Brabham-Climax,2.0,93,1.0,1
389,0.0,167,Cooper-Maserati,1.0,134,0.5,2
389,1.0,191,Brabham-Repco,1.0,77,0.5,1
390,0.0,167,Cooper-Maserati,0.0,134,0.0,1
390,0.0,182,Brabham-Ford,0.0,58,0.0,1
391,0.0,90,Protos,0.0,2,0.0,1
392,0.0,176,Lotus-BRM,0.0,121,0.0,1
393,0.0,170,Cooper-Climax,0.0,268,0.0,1
394,14.0,6,Ferrari,14.0,2140,2.0,3
394,0.0,54,ATS,14.0,162,2.0,1
394,0.0,66,BRM,14.0,562,2.0,1
394,0.0,180,Lotus-Ford,14.0,128,2.0,1
394,0.0,183,Brabham-Climax,14.0,93,2.0,1
395,0.0,6,Ferrari,0.0,2140,0.0,1
396,0.0,6,Ferrari,3.0,2140,1.5,1
396,3.0,66,BRM,3.0,562,1.5,1
396,0.0,176,Lotus-BRM,3.0,121,1.5,1
396,0.0,189,Eagle-Climax,3.0,13,1.5,1
396,0.0,190,Eagle-Weslake,3.0,21,1.5,1
397,0.0,32,Team Lotus,12.0,871,3.0,1
397,12.0,172,Lotus-Climax,12.0,231,3.0,3
397,0.0,176,Lotus-BRM,12.0,121,3.0,1
398,0.0,66,BRM,0.0,562,0.0,1
398,0.0,170,Cooper-Climax,0.0,268,0.0,1
399,0.0,170,Cooper-Climax,1.0,268,0.5,1
399,1.0,181,Brabham-BRM,1.0,41,0.5,1
400,0.0,192,Cooper-Ferrari,0.0,2,0.0,1
401,0.0,91,Shannon,8.0,1,1.3333333333333333,1
401,1.0,94,BRP,8.0,19,1.3333333333333333,1
401,0.0,170,Cooper-Climax,8.0,268,1.3333333333333333,1
401,7.0,172,Lotus-Climax,8.0,231,1.3333333333333333,3
401,0.0,176,Lotus-BRM,8.0,121,1.3333333333333333,1
402,0.0,172,Lotus-Climax,0.0,231,0.0,2
402,0.0,181,Brabham-BRM,0.0,41,0.0,1
403,96.0,6,Ferrari,98.0,2140,12.25,5
403,0.0,54,ATS,98.0,162,12.25,1
403,0.0,105,Maserati,98.0,436,12.25,1
403,2.0,170,Cooper-Climax,98.0,268,12.25,2
403,0.0,176,Lotus-BRM,98.0,121,12.25,1
403,0.0,189,Eagle-Climax,98.0,13,12.25,1
404,23.0,32,Team Lotus,47.0,871,5.875,2
404,0.0,66,BRM,47.0,562,5.875,1
404,10.0,94,BRP,47.0,19,5.875,2
404,14.0,172,Lotus-Climax,47.0,231,5.875,2
404,0.0,176,Lotus-BRM,47.0,121,5.875,3
405,2.0,11,Honda,2.0,152,0.6666666666666666,3
406,0.0,172,Lotus-Climax,0.0,231,0.0,1
406,0.0,182,Brabham-Ford,0.0,58,0.0,1
407,0.0,34,Brabham,0.0,662,0.0,1
407,0.0,182,Brabham-Ford,0.0,58,0.0,1
408,4.0,66,BRM,26.0,562,5.2,1
408,22.0,170,Cooper-Climax,26.0,268,5.2,2
408,0.0,172,Lotus-Climax,26.0,231,5.2,1
408,0.0,176,Lotus-BRM,26.0,121,5.2,1
409,0.0,167,Cooper-Maserati,0.0,134,0.0,1
409,0.0,186,Cooper-Ford,0.0,2,0.0,1
410,1.0,172,Lotus-Climax,1.0,231,0.3333333333333333,3
411,0.0,89,LDS,0.0,4,0.0,2
411,0.0,184,LDS-Climax,0.0,2,0.0,1
412,0.0,180,Lotus-Ford,0.0,128,0.0,2
413,0.0,172,Lotus-Climax,0.0,231,0.0,3
414,0.0,172,Lotus-Climax,0.0,231,0.0,1
415,0.0,93,RE,0.0,1,0.0,1
416,0.0,167,Cooper-Maserati,0.0,134,0.0,1
417,0.0,170,Cooper-Climax,0.0,268,0.0,1
418,0.0,26,Lola,21.0,165,2.625,1
418,0.0,66,BRM,21.0,562,2.625,1
418,0.0,104,Behra-Porsche,21.0,2,2.625,1
418,10.0,105,Maserati,21.0,436,2.625,2
418,0.0,167,Cooper-Maserati,21.0,134,2.625,1
418,10.0,170,Cooper-Climax,21.0,268,2.625,2
418,0.0,172,Lotus-Climax,21.0,231,2.625,2
418,1.0,176,Lotus-BRM,21.0,121,2.625,2
419,0.0,170,Cooper-Climax,0.0,268,0.0,1
420,0.0,97,Gilby,0.0,7,0.0,1
420,0.0,181,Brabham-BRM,0.0,41,0.0,2
420,0.0,183,Brabham-Climax,0.0,93,0.0,1
421,0.0,186,Cooper-Ford,0.0,2,0.0,1
422,0.0,172,Lotus-Climax,0.0,231,0.0,1
423,3.0,95,Porsche,3.0,84,1.0,1
423,0.0,172,Lotus-Climax,3.0,231,1.0,2
424,0.0,66,BRM,0.0,562,0.0,1
424,0.0,175,De Tomaso-Alfa Romeo,0.0,3,0.0,2
425,0.0,6,Ferrari,0.0,2140,0.0,1
425,0.0,95,Porsche,0.0,84,0.0,1
425,0.0,172,Lotus-Climax,0.0,231,0.0,1
425,0.0,175,De Tomaso-Alfa Romeo,0.0,3,0.0,1
426,0.0,66,BRM,0.0,562,0.0,1
427,33.33,6,Ferrari,72.33,2140,4.822,3
427,0.0,26,Lola,72.33,165,4.822,1
427,2.0,66,BRM,72.33,562,4.822,3
427,12.0,87,Cooper,72.33,103,4.822,1
427,0.0,105,Maserati,72.33,436,4.822,1
427,0.0,117,Aston Martin,72.33,11,4.822,1
427,0.0,118,Vanwall,72.33,71,4.822,1
427,4.0,128,Gordini,72.33,102,4.822,2
427,0.0,130,Bugatti,72.33,1,4.822,1
427,2.0,141,Simca,72.33,29,4.822,3
427,0.0,167,Cooper-Maserati,72.33,134,4.822,2
427,19.0,170,Cooper-Climax,72.33,268,4.822,2
427,0.0,172,Lotus-Climax,72.33,231,4.822,2
428,0.0,170,Cooper-Climax,0.0,268,0.0,2
428,0.0,172,Lotus-Climax,0.0,231,0.0,1
428,0.0,176,Lotus-BRM,0.0,121,0.0,1
429,0.0,6,Ferrari,2.0,2140,0.2857142857142857,1
429,0.0,92,Scirocco,2.0,17,0.2857142857142857,1
429,0.0,99,Emeryson,2.0,11,0.2857142857142857,1
429,0.0,125,Connaught,2.0,54,0.2857142857142857,1
429,2.0,128,Gordini,2.0,102,0.2857142857142857,2
429,0.0,154,Talbot-Lago,2.0,82,0.2857142857142857,1
429,0.0,172,Lotus-Climax,2.0,231,0.2857142857142857,1
430,4.0,95,Porsche,4.0,84,0.5,7
430,0.0,105,Maserati,4.0,436,0.5,1
430,0.0,170,Cooper-Climax,4.0,268,0.5,1
431,0.0,95,Porsche,0.0,84,0.0,4
431,0.0,146,EMW,0.0,1,0.0,1
431,0.0,170,Cooper-Climax,0.0,268,0.0,1
432,0.0,96,Derrington,0.0,1,0.0,1
432,0.0,167,Cooper-Maserati,0.0,134,0.0,2
432,0.0,170,Cooper-Climax,0.0,268,0.0,1
433,0.0,32,Team Lotus,2.0,871,0.6666666666666666,1
433,0.0,170,Cooper-Climax,2.0,268,0.6666666666666666,1
433,2.0,172,Lotus-Climax,2.0,231,0.6666666666666666,2
434,0.0,170,Cooper-Climax,0.0,268,0.0,2
434,0.0,176,Lotus-BRM,0.0,121,0.0,1
434,0.0,181,Brabham-BRM,0.0,41,0.0,1
435,7.0,6,Ferrari,7.0,2140,1.75,4
435,0.0,172,Lotus-Climax,7.0,231,1.75,1
436,0.0,26,Lola,0.0,165,0.0,1
436,0.0,99,Emeryson,0.0,11,0.0,1
436,0.0,170,Cooper-Climax,0.0,268,0.0,1
436,0.0,172,Lotus-Climax,0.0,231,0.0,1
436,0.0,176,Lotus-BRM,0.0,121,0.0,1
437,0.0,87,Cooper,0.0,103,0.0,1
437,0.0,92,Scirocco,0.0,17,0.0,1
437,0.0,167,Cooper-Maserati,0.0,134,0.0,2
437,0.0,170,Cooper-Climax,0.0,268,0.0,2
437,0.0,172,Lotus-Climax,0.0,231,0.0,1
438,0.0,92,Scirocco,0.0,17,0.0,1
438,0.0,99,Emeryson,0.0,11,0.0,1
439,0.0,86,De Tomaso,0.0,14,0.0,2
439,0.0,105,Maserati,0.0,436,0.0,1
440,0.0,32,Team Lotus,3.0,871,0.75,1
440,0.0,172,Lotus-Climax,3.0,231,0.75,2
440,3.0,176,Lotus-BRM,3.0,121,0.75,1
441,0.0,170,Cooper-Climax,0.0,268,0.0,1
441,0.0,172,Lotus-Climax,0.0,231,0.0,2
442,0.0,177,Lotus-Borgward,0.0,2,0.0,2
443,0.0,167,Cooper-Maserati,0.0,134,0.0,1
444,0.0,174,De Tomaso-Osca,0.0,3,0.0,2
444,0.0,179,De Tomaso-Ferrari,0.0,1,0.0,1
445,0.0,176,Lotus-BRM,0.0,121,0.0,2
446,0.0,95,Porsche,0.0,84,0.0,1
446,0.0,172,Lotus-Climax,0.0,231,0.0,1
447,0.0,173,Lotus-Maserati,0.0,2,0.0,2
448,0.0,98,Stebro,0.0,2,0.0,1
449,14.0,107,Watson,14.0,22,1.2727272727272727,2
449,0.0,110,Lesovsky,14.0,15,1.2727272727272727,2
449,0.0,113,Kurtis Kraft,14.0,226,1.2727272727272727,4
449,0.0,114,Kuzma,14.0,39,1.2727272727272727,1
449,0.0,135,Pawl,14.0,4,1.2727272727272727,1
449,0.0,139,Bromme,14.0,5,1.2727272727272727,1
449,0.0,176,Lotus-BRM,14.0,121,1.2727272727272727,1
450,0.0,98,Stebro,0.0,2,0.0,1
451,0.0,170,Cooper-Climax,0.0,268,0.0,1
452,0.0,172,Lotus-Climax,0.0,231,0.0,1
453,0.0,66,BRM,3.0,562,1.5,1
453,0.0,87,Cooper,3.0,103,1.5,1
453,3.0,170,Cooper-Climax,3.0,268,1.5,2
454,4.0,6,Ferrari,4.0,2140,2.0,2
455,0.0,87,Cooper,0.0,103,0.0,1
455,0.0,99,Emeryson,0.0,11,0.0,1
455,0.0,105,Maserati,0.0,436,0.0,1
455,0.0,144,Veritas,0.0,18,0.0,1
455,0.0,170,Cooper-Climax,0.0,268,0.0,1
455,0.0,172,Lotus-Climax,0.0,231,0.0,1
455,0.0,176,Lotus-BRM,0.0,121,0.0,1
456,0.0,6,Ferrari,19.0,2140,1.7272727272727273,1
456,0.0,26,Lola,19.0,165,1.7272727272727273,1
456,0.0,66,BRM,19.0,562,1.7272727272727273,1
456,17.0,87,Cooper,19.0,103,1.7272727272727273,2
456,0.0,105,Maserati,19.0,436,1.7272727272727273,3
456,0.0,117,Aston Martin,19.0,11,1.7272727272727273,2
456,0.0,118,Vanwall,19.0,71,1.7272727272727273,1
456,0.0,125,Connaught,19.0,54,1.7272727272727273,1
456,0.0,167,Cooper-Maserati,19.0,134,1.7272727272727273,1
456,2.0,170,Cooper-Climax,19.0,268,1.7272727272727273,2
457,0.0,95,Porsche,0.0,84,0.0,1
458,0.0,95,Porsche,0.0,84,0.0,1
459,0.0,66,BRM,0.0,562,0.0,1
459,0.0,87,Cooper,0.0,103,0.0,2
459,0.0,172,Lotus-Climax,0.0,231,0.0,1
460,0.0,66,BRM,0.0,562,0.0,1
460,0.0,172,Lotus-Climax,0.0,231,0.0,2
461,0.0,95,Porsche,0.0,84,0.0,1
461,0.0,176,Lotus-BRM,0.0,121,0.0,1
462,0.0,95,Porsche,0.0,84,0.0,1
462,0.0,167,Cooper-Maserati,0.0,134,0.0,1
463,0.0,172,Lotus-Climax,0.0,231,0.0,1
464,0.0,172,Lotus-Climax,0.0,231,0.0,1
464,0.0,176,Lotus-BRM,0.0,121,0.0,1
465,0.0,97,Gilby,0.0,7,0.0,2
465,0.0,167,Cooper-Maserati,0.0,134,0.0,1
465,0.0,170,Cooper-Climax,0.0,268,0.0,1
465,0.0,172,Lotus-Climax,0.0,231,0.0,1
466,0.0,95,Porsche,0.0,84,0.0,1
467,0.0,172,Lotus-Climax,0.0,231,0.0,2
468,0.0,170,Cooper-Climax,0.0,268,0.0,1
468,0.0,172,Lotus-Climax,0.0,231,0.0,1
469,0.0,172,Lotus-Climax,0.0,231,0.0,1
470,0.0,170,Cooper-Climax,0.0,268,0.0,1
471,0.0,66,BRM,0.0,562,0.0,1
472,0.0,178,Cooper-Alfa Romeo,0.0,1,0.0,1
473,0.0,172,Lotus-Climax,0.0,231,0.0,1
474,0.0,172,Lotus-Climax,0.0,231,0.0,1
475,19.0,32,Team Lotus,186.5,871,16.954545454545453,1
475,7.5,66,BRM,186.5,562,16.954545454545453,1
475,8.0,87,Cooper,186.5,103,16.954545454545453,2
475,0.0,102,Ferguson,186.5,2,16.954545454545453,1
475,33.0,105,Maserati,186.5,436,16.954545454545453,3
475,57.0,118,Vanwall,186.5,71,16.954545454545453,2
475,0.0,125,Connaught,186.5,54,16.954545454545453,2
475,23.0,131,Mercedes,186.5,354,16.954545454545453,1
475,0.0,133,HWM,186.5,47,16.954545454545453,2
475,0.0,151,ERA,186.5,13,16.954545454545453,1
475,18.0,170,Cooper-Climax,186.5,268,16.954545454545453,2
475,21.0,172,Lotus-Climax,186.5,231,16.954545454545453,1
476,56.0,6,Ferrari,56.0,2140,9.333333333333334,6
476,0.0,95,Porsche,56.0,84,9.333333333333334,1
476,0.0,167,Cooper-Maserati,56.0,134,9.333333333333334,1
477,8.0,6,Ferrari,11.0,2140,2.75,2
477,3.0,32,Team Lotus,11.0,871,2.75,1
477,0.0,105,Maserati,11.0,436,2.75,1
477,0.0,172,Lotus-Climax,11.0,231,2.75,1
478,0.0,66,BRM,10.0,562,1.25,1
478,1.0,95,Porsche,10.0,84,1.25,2
478,0.0,105,Maserati,10.0,436,1.25,2
478,9.0,131,Mercedes,10.0,354,1.25,2
478,0.0,144,Veritas,10.0,18,1.25,1
478,0.0,167,Cooper-Maserati,10.0,134,1.25,1
479,27.0,6,Ferrari,75.0,2140,12.5,1
479,6.0,66,BRM,75.0,562,12.5,2
479,35.0,118,Vanwall,75.0,71,12.5,4
479,7.0,170,Cooper-Climax,75.0,268,12.5,1
480,0.0,172,Lotus-Climax,0.0,231,0.0,1
481,3.0,170,Cooper-Climax,3.0,268,1.0,2
481,0.0,172,Lotus-Climax,3.0,231,1.0,1
482,8.0,6,Ferrari,18.0,2140,3.6,4
482,0.0,99,Emeryson,18.0,11,3.6,1
482,10.0,170,Cooper-Climax,18.0,268,3.6,1
482,0.0,172,Lotus-Climax,18.0,231,3.6,1
483,0.0,6,Ferrari,1.0,2140,0.16666666666666666,1
483,1.0,105,Maserati,1.0,436,0.16666666666666666,4
483,0.0,167,Cooper-Maserati,1.0,134,0.16666666666666666,1
483,0.0,170,Cooper-Climax,1.0,268,0.16666666666666666,1
483,0.0,171,Cooper-Castellotti,1.0,6,0.16666666666666666,1
483,0.0,174,De Tomaso-Osca,1.0,3,0.16666666666666666,1
484,0.0,87,Cooper,0.0,103,0.0,2
484,0.0,101,JBW,0.0,6,0.0,3
484,0.0,167,Cooper-Maserati,0.0,134,0.0,1
485,0.0,172,Lotus-Climax,0.0,231,0.0,1
486,0.0,66,BRM,5.0,562,0.625,1
486,0.0,87,Cooper,5.0,103,0.625,1
486,0.0,102,Ferguson,5.0,2,0.625,1
486,5.0,125,Connaught,5.0,54,0.625,4
486,0.0,133,HWM,5.0,47,0.625,1
486,0.0,167,Cooper-Maserati,5.0,134,0.625,1
486,0.0,170,Cooper-Climax,5.0,268,0.625,3
487,0.0,167,Cooper-Maserati,0.0,134,0.0,1
488,0.0,103,MBM,0.0,1,0.0,1
489,0.0,167,Cooper-Maserati,0.0,134,0.0,1
489,0.0,170,Cooper-Climax,0.0,268,0.0,1
490,0.0,170,Cooper-Climax,0.0,268,0.0,1
491,0.0,167,Cooper-Maserati,0.0,134,0.0,1
491,0.0,170,Cooper-Climax,0.0,268,0.0,1
492,0.0,170,Cooper-Climax,0.0,268,0.0,1
493,0.0,172,Lotus-Climax,0.0,231,0.0,1
494,0.0,107,Watson,0.0,22,0.0,1
494,0.0,172,Lotus-Climax,0.0,231,0.0,1
495,0.0,172,Lotus-Climax,0.0,231,0.0,1
496,6.0,105,Maserati,9.0,436,1.2857142857142858,5
496,0.0,128,Gordini,9.0,102,1.2857142857142858,1
496,3.0,167,Cooper-Maserati,9.0,134,1.2857142857142858,1
497,0.0,32,Team Lotus,0.0,871,0.0,1
498,56.64,6,Ferrari,77.64,2140,8.626666666666667,5
498,21.0,105,Maserati,77.64,436,8.626666666666667,4
498,0.0,118,Vanwall,77.64,71,8.626666666666667,1
498,0.0,154,Talbot-Lago,77.64,82,8.626666666666667,1
499,0.0,167,Cooper-Maserati,0.0,134,0.0,1
500,0.0,105,Maserati,0.0,436,0.0,1
500,0.0,171,Cooper-Castellotti,0.0,6,0.0,1
501,0.0,6,Ferrari,32.0,2140,2.909090909090909,1
501,19.0,66,BRM,32.0,562,2.909090909090909,2
501,0.0,87,Cooper,32.0,103,2.909090909090909,1
501,10.0,105,Maserati,32.0,436,2.909090909090909,7
501,3.0,118,Vanwall,32.0,71,2.909090909090909,2
501,0.0,128,Gordini,32.0,102,2.909090909090909,1
501,0.0,154,Talbot-Lago,32.0,82,2.909090909090909,1
501,0.0,170,Cooper-Climax,32.0,268,2.909090909090909,2
502,0.0,32,Team Lotus,0.0,871,0.0,3
503,0.0,105,Maserati,0.0,436,0.0,1
504,0.0,105,Maserati,0.0,436,0.0,1
505,0.0,169,Cooper-Borgward,0.0,3,0.0,1
505,0.0,170,Cooper-Climax,0.0,268,0.0,1
506,0.0,32,Team Lotus,0.0,871,0.0,1
506,0.0,105,Maserati,0.0,436,0.0,2
506,0.0,170,Cooper-Climax,0.0,268,0.0,1
507,0.0,106,Scarab,0.0,9,0.0,1
507,0.0,170,Cooper-Climax,0.0,268,0.0,1
508,0.0,106,Scarab,0.0,9,0.0,1
508,0.0,170,Cooper-Climax,0.0,268,0.0,1
509,14.0,107,Watson,29.0,22,2.9,2
509,9.0,108,Epperly,29.0,17,2.9,3
509,6.0,113,Kurtis Kraft,29.0,226,2.9,4
509,0.0,160,Wetteroth,29.0,1,2.9,1
510,6.0,108,Epperly,6.0,17,2.0,2
510,0.0,113,Kurtis Kraft,6.0,226,2.0,1
511,3.0,109,Phillips,3.0,7,1.5,2
512,7.0,110,Lesovsky,10.0,15,1.25,2
512,0.0,113,Kurtis Kraft,10.0,226,1.25,2
512,3.0,114,Kuzma,10.0,39,1.25,3
512,0.0,138,Nichels,10.0,4,1.25,1
512,0.0,143,Del Roy,10.0,1,1.25,1
513,1.0,111,Trevis,1.0,6,0.1111111111111111,3
513,0.0,113,Kurtis Kraft,1.0,226,0.1111111111111111,4
513,0.0,114,Kuzma,1.0,39,0.1111111111111111,1
513,0.0,135,Pawl,1.0,4,0.1111111111111111,1
514,0.0,109,Phillips,0.0,7,0.0,1
514,0.0,112,Meskowski,0.0,2,0.0,1
514,0.0,113,Kurtis Kraft,0.0,226,0.0,2
514,0.0,119,Moore,0.0,3,0.0,1
515,0.0,111,Trevis,0.0,6,0.0,1
516,0.0,113,Kurtis Kraft,0.0,226,0.0,5
517,0.0,108,Epperly,0.0,17,0.0,1
517,0.0,113,Kurtis Kraft,0.0,226,0.0,1
518,3.0,110,Lesovsky,6.5,15,0.8125,2
518,3.5,113,Kurtis Kraft,6.5,226,0.8125,3
518,0.0,114,Kuzma,6.5,39,0.8125,2
518,0.0,129,Stevens,6.5,10,0.8125,1
518,0.0,150,Deidt,6.5,8,0.8125,1
519,1.0,113,Kurtis Kraft,1.0,226,0.3333333333333333,2
519,0.0,114,Kuzma,1.0,39,0.3333333333333333,1
520,0.0,110,Lesovsky,0.0,15,0.0,1
520,0.0,113,Kurtis Kraft,0.0,226,0.0,4
520,0.0,114,Kuzma,0.0,39,0.0,3
520,0.0,157,Langley,0.0,1,0.0,1
521,0.0,107,Watson,0.0,22,0.0,1
521,0.0,113,Kurtis Kraft,0.0,226,0.0,2
521,0.0,114,Kuzma,0.0,39,0.0,2
521,0.0,156,Marchese,0.0,2,0.0,1
522,0.0,112,Meskowski,0.0,2,0.0,1
522,0.0,113,Kurtis Kraft,0.0,226,0.0,1
523,0.0,111,Trevis,0.0,6,0.0,1
523,0.0,113,Kurtis Kraft,0.0,226,0.0,2
524,0.0,115,Christensen,0.0,2,0.0,1
525,8.0,108,Epperly,18.0,17,2.0,3
525,0.0,113,Kurtis Kraft,18.0,226,2.0,1
525,10.0,114,Kuzma,18.0,39,2.0,4
525,0.0,134,Schroeder,18.0,8,2.0,1
526,0.0,105,Maserati,9.5,436,1.1875,1
526,0.0,107,Watson,9.5,22,1.1875,2
526,0.0,110,Lesovsky,9.5,15,1.1875,1
526,1.5,113,Kurtis Kraft,9.5,226,1.1875,3
526,8.0,114,Kuzma,9.5,39,1.1875,1
527,0.0,114,Kuzma,0.0,39,0.0,3
527,0.0,116,Ewing,0.0,3,0.0,1
528,0.0,107,Watson,4.0,22,0.5,1
528,4.0,109,Phillips,4.0,7,0.5,4
528,0.0,113,Kurtis Kraft,4.0,226,0.5,3
529,0.0,107,Watson,11.0,22,1.0,1
529,7.0,108,Epperly,11.0,17,1.0,2
529,4.0,113,Kurtis Kraft,11.0,226,1.0,5
529,0.0,114,Kuzma,11.0,39,1.0,1
529,0.0,150,Deidt,11.0,8,1.0,3
530,0.0,108,Epperly,0.0,17,0.0,1
531,0.0,113,Kurtis Kraft,0.0,226,0.0,1
531,0.0,114,Kuzma,0.0,39,0.0,2
532,0.0,113,Kurtis Kraft,0.0,226,0.0,3
532,0.0,135,Pawl,0.0,4,0.0,1
533,0.0,108,Epperly,4.0,17,0.6666666666666666,2
533,4.0,113,Kurtis Kraft,4.0,226,0.6666666666666666,4
534,0.0,113,Kurtis Kraft,0.0,226,0.0,2
535,0.0,108,Epperly,0.0,17,0.0,1
535,0.0,113,Kurtis Kraft,0.0,226,0.0,1
536,0.0,107,Watson,0.0,22,0.0,1
536,0.0,110,Lesovsky,0.0,15,0.0,1
536,0.0,113,Kurtis Kraft,0.0,226,0.0,1
537,0.0,107,Watson,2.0,22,0.4,4
537,2.0,113,Kurtis Kraft,2.0,226,0.4,1
538,0.0,113,Kurtis Kraft,0.0,226,0.0,2
538,0.0,116,Ewing,0.0,3,0.0,1
538,0.0,120,Dunn,0.0,3,0.0,2
539,0.0,113,Kurtis Kraft,0.0,226,0.0,1
539,0.0,114,Kuzma,0.0,39,0.0,1
540,0.0,32,Team Lotus,0.0,871,0.0,1
540,0.0,170,Cooper-Climax,0.0,268,0.0,1
541,1.0,32,Team Lotus,5.0,871,0.8333333333333334,1
541,0.0,66,BRM,5.0,562,0.8333333333333334,4
541,0.0,87,Cooper,5.0,103,0.8333333333333334,1
541,0.0,105,Maserati,5.0,436,0.8333333333333334,1
541,4.0,125,Connaught,5.0,54,0.8333333333333334,1
541,0.0,170,Cooper-Climax,5.0,268,0.8333333333333334,1
542,0.0,32,Team Lotus,0.0,871,0.0,2
543,0.0,105,Maserati,3.0,436,1.0,2
543,0.0,127,OSCA,3.0,8,1.0,1
543,3.0,171,Cooper-Castellotti,3.0,6,1.0,1
544,0.0,170,Cooper-Climax,0.0,268,0.0,1
545,0.0,104,Behra-Porsche,0.0,2,0.0,1
546,0.0,170,Cooper-Climax,0.0,268,0.0,1
547,0.0,87,Cooper,2.0,103,0.3333333333333333,1
547,2.0,105,Maserati,2.0,436,0.3333333333333333,5
548,0.0,105,Maserati,0.0,436,0.0,1
549,0.0,32,Team Lotus,0.0,871,0.0,1
549,0.0,105,Maserati,0.0,436,0.0,1
549,0.0,125,Connaught,0.0,54,0.0,2
549,0.0,169,Cooper-Borgward,0.0,3,0.0,1
549,0.0,170,Cooper-Climax,0.0,268,0.0,1
550,0.0,170,Cooper-Climax,0.0,268,0.0,1
551,0.0,95,Porsche,0.0,84,0.0,1
551,0.0,105,Maserati,0.0,436,0.0,1
552,0.0,170,Cooper-Climax,0.0,268,0.0,1
553,0.0,105,Maserati,0.0,436,0.0,2
554,2.0,6,Ferrari,51.0,2140,6.375,1
554,7.0,66,BRM,51.0,562,6.375,1
554,36.0,105,Maserati,51.0,436,6.375,4
554,6.0,128,Gordini,51.0,102,6.375,3
555,8.5,113,Kurtis Kraft,8.5,226,1.0625,7
555,0.0,138,Nichels,8.5,4,1.0625,1
556,0.0,113,Kurtis Kraft,0.0,226,0.0,6
556,0.0,138,Nichels,0.0,4,0.0,1
557,0.0,113,Kurtis Kraft,0.0,226,0.0,1
558,0.0,113,Kurtis Kraft,0.0,226,0.0,4
558,0.0,114,Kuzma,0.0,39,0.0,1
559,8.0,107,Watson,8.0,22,1.3333333333333333,2
559,0.0,113,Kurtis Kraft,8.0,226,1.3333333333333333,3
559,0.0,114,Kuzma,8.0,39,1.3333333333333333,1
560,0.0,113,Kurtis Kraft,0.0,226,0.0,2
560,0.0,114,Kuzma,0.0,39,0.0,1
561,0.0,113,Kurtis Kraft,0.0,226,0.0,2
561,0.0,121,Elder,0.0,1,0.0,1
562,0.0,110,Lesovsky,0.0,15,0.0,1
562,0.0,113,Kurtis Kraft,0.0,226,0.0,2
562,0.0,115,Christensen,0.0,2,0.0,1
563,0.0,113,Kurtis Kraft,0.0,226,0.0,2
563,0.0,114,Kuzma,0.0,39,0.0,1
563,0.0,120,Dunn,0.0,3,0.0,1
564,0.0,107,Watson,0.0,22,0.0,1
564,0.0,113,Kurtis Kraft,0.0,226,0.0,1
565,0.0,113,Kurtis Kraft,0.0,226,0.0,2
565,0.0,122,Sutton,0.0,1,0.0,1
566,0.0,105,Maserati,0.0,436,0.0,1
566,0.0,117,Aston Martin,0.0,11,0.0,1
567,0.0,105,Maserati,0.0,436,0.0,1
567,0.0,124,Tec-Mec,0.0,1,0.0,1
568,0.0,105,Maserati,0.0,436,0.0,1
569,0.0,170,Cooper-Climax,0.0,268,0.0,1
570,0.0,170,Cooper-Climax,0.0,268,0.0,1
571,0.0,32,Team Lotus,0.0,871,0.0,1
572,0.0,95,Porsche,0.0,84,0.0,1
573,0.0,6,Ferrari,0.0,2140,0.0,1
573,0.0,168,Cooper-OSCA,0.0,1,0.0,1
574,0.0,169,Cooper-Borgward,0.0,3,0.0,1
575,0.0,125,Connaught,0.0,54,0.0,1
576,0.0,105,Maserati,0.0,436,0.0,1
577,33.0,6,Ferrari,45.0,2140,7.5,3
577,12.0,105,Maserati,45.0,436,7.5,3
578,113.64,6,Ferrari,127.64,2140,18.234285714285715,5
578,0.0,66,BRM,127.64,562,18.234285714285715,1
578,10.0,87,Cooper,127.64,103,18.234285714285715,1
578,4.0,105,Maserati,127.64,436,18.234285714285715,1
578,0.0,118,Vanwall,127.64,71,18.234285714285715,2
579,34.5,6,Ferrari,279.14,2140,34.8925,1
579,64.0,51,Alfa Romeo,279.14,244,34.8925,2
579,99.5,105,Maserati,279.14,436,34.8925,4
579,81.14,131,Mercedes,279.14,354,34.8925,2
580,6.0,105,Maserati,6.0,436,1.2,5
581,47.0,6,Ferrari,47.0,2140,6.714285714285714,3
581,0.0,105,Maserati,47.0,436,6.714285714285714,1
581,0.0,118,Vanwall,47.0,71,6.714285714285714,1
581,0.0,133,HWM,47.0,47,6.714285714285714,2
582,0.0,105,Maserati,0.0,436,0.0,1
583,1.5,105,Maserati,1.5,436,0.75,2
584,0.0,125,Connaught,0.0,54,0.0,1
585,0.0,99,Emeryson,0.0,11,0.0,1
585,0.0,125,Connaught,0.0,54,0.0,1
586,0.0,105,Maserati,0.0,436,0.0,2
586,0.0,127,OSCA,0.0,8,0.0,1
586,0.0,137,Arzani-Volpini,0.0,1,0.0,1
587,0.0,125,Connaught,0.0,54,0.0,1
588,0.0,105,Maserati,0.0,436,0.0,1
589,4.0,105,Maserati,4.0,436,0.6666666666666666,4
589,0.0,127,OSCA,4.0,8,0.6666666666666666,1
589,0.0,132,Lancia,4.0,11,0.6666666666666666,1
589,0.0,154,Talbot-Lago,4.0,82,0.6666666666666666,1
590,13.0,118,Vanwall,16.0,71,8.0,2
590,3.0,125,Connaught,16.0,54,8.0,1
591,6.0,108,Epperly,6.0,17,6.0,1
592,0.0,107,Watson,0.0,22,0.0,1
592,0.0,110,Lesovsky,0.0,15,0.0,1
592,0.0,113,Kurtis Kraft,0.0,226,0.0,2
592,0.0,136,Pankratz,0.0,2,0.0,2
593,12.0,113,Kurtis Kraft,12.0,226,1.3333333333333333,9
594,0.0,113,Kurtis Kraft,0.0,226,0.0,2
594,0.0,114,Kuzma,0.0,39,0.0,1
595,0.0,113,Kurtis Kraft,0.0,226,0.0,1
595,0.0,114,Kuzma,0.0,39,0.0,1
596,0.0,107,Watson,0.0,22,0.0,1
596,0.0,113,Kurtis Kraft,0.0,226,0.0,3
596,0.0,129,Stevens,0.0,10,0.0,1
597,0.0,113,Kurtis Kraft,0.0,226,0.0,5
598,0.0,113,Kurtis Kraft,0.0,226,0.0,1
599,0.0,114,Kuzma,0.0,39,0.0,1
600,0.0,87,Cooper,0.0,103,0.0,1
601,0.0,87,Cooper,0.0,103,0.0,2
602,0.0,87,Cooper,0.0,103,0.0,1
603,0.0,87,Cooper,0.0,103,0.0,1
604,0.0,87,Cooper,0.0,103,0.0,1
605,0.0,87,Cooper,0.0,103,0.0,1
606,4.0,6,Ferrari,4.0,2140,2.0,2
607,0.0,6,Ferrari,5.0,2140,1.6666666666666667,1
607,5.0,105,Maserati,5.0,436,1.6666666666666667,2
608,13.5,6,Ferrari,19.5,2140,6.5,3
608,6.0,132,Lancia,19.5,11,6.5,1
609,0.0,6,Ferrari,0.0,2140,0.0,1
609,0.0,105,Maserati,0.0,436,0.0,3
609,0.0,128,Gordini,0.0,102,0.0,1
609,0.0,131,Mercedes,0.0,354,0.0,1
609,0.0,141,Simca,0.0,29,0.0,1
610,0.0,66,BRM,0.0,562,0.0,1
610,0.0,87,Cooper,0.0,103,0.0,1
610,0.0,125,Connaught,0.0,54,0.0,1
611,8.0,108,Epperly,20.0,17,2.5,1
611,12.0,113,Kurtis Kraft,20.0,226,2.5,7
612,2.0,113,Kurtis Kraft,5.0,226,0.7142857142857143,6
612,0.0,129,Stevens,5.0,10,0.7142857142857143,1
612,0.0,134,Schroeder,5.0,8,0.7142857142857143,1
612,0.0,138,Nichels,5.0,4,0.7142857142857143,1
612,3.0,149,Sherman,5.0,2,0.7142857142857143,1
613,0.0,113,Kurtis Kraft,0.0,226,0.0,3
614,0.0,113,Kurtis Kraft,0.0,226,0.0,1
615,1.5,113,Kurtis Kraft,1.5,226,0.1875,8
616,0.0,113,Kurtis Kraft,0.0,226,0.0,1
617,0.0,87,Cooper,0.0,103,0.0,1
618,0.0,66,BRM,0.0,562,0.0,1
619,0.0,87,Cooper,0.0,103,0.0,4
619,0.0,151,ERA,0.0,13,0.0,2
620,3.33,6,Ferrari,3.33,2140,0.666,3
620,0.0,95,Porsche,3.33,84,0.666,1
620,0.0,105,Maserati,3.33,436,0.666,1
621,0.0,87,Cooper,0.0,103,0.0,1
622,0.0,6,Ferrari,1.5,2140,0.375,1
622,1.5,105,Maserati,1.5,436,0.375,3
623,0.0,105,Maserati,0.0,436,0.0,2
624,0.0,105,Maserati,2.0,436,1.0,1
624,2.0,128,Gordini,2.0,102,1.0,2
625,0.0,127,OSCA,2.0,8,0.4,2
625,2.0,128,Gordini,2.0,102,0.4,3
626,4.0,6,Ferrari,16.0,2140,2.2857142857142856,1
626,9.0,128,Gordini,16.0,102,2.2857142857142856,4
626,3.0,141,Simca,16.0,29,2.2857142857142856,2
627,0.0,6,Ferrari,18.0,2140,2.5714285714285716,3
627,2.0,105,Maserati,18.0,436,2.5714285714285716,3
627,16.0,154,Talbot-Lago,18.0,82,2.5714285714285716,2
628,8.0,113,Kurtis Kraft,8.0,226,1.6,3
628,0.0,114,Kuzma,8.0,39,1.6,2
629,0.0,113,Kurtis Kraft,0.0,226,0.0,2
629,0.0,129,Stevens,0.0,10,0.0,1
630,0.0,113,Kurtis Kraft,0.0,226,0.0,3
630,0.0,134,Schroeder,0.0,8,0.0,1
631,0.0,113,Kurtis Kraft,0.0,226,0.0,1
631,0.0,134,Schroeder,0.0,8,0.0,1
632,9.0,6,Ferrari,11.0,2140,2.2,2
632,0.0,128,Gordini,11.0,102,2.2,1
632,2.0,133,HWM,11.0,47,2.2,2
632,0.0,141,Simca,11.0,29,2.2,1
633,43.0,6,Ferrari,49.0,2140,7.0,5
633,4.0,105,Maserati,49.0,436,7.0,2
633,2.0,132,Lancia,49.0,11,7.0,2
634,0.0,125,Connaught,0.0,54,0.0,1
635,0.0,118,Vanwall,0.0,71,0.0,1
636,0.0,125,Connaught,0.0,54,0.0,1
637,0.0,125,Connaught,0.0,54,0.0,1
638,0.0,105,Maserati,0.0,436,0.0,3
639,0.0,128,Gordini,0.0,102,0.0,1
640,2.0,51,Alfa Romeo,9.0,244,1.5,1
640,7.0,105,Maserati,9.0,436,1.5,6
641,32.0,6,Ferrari,41.0,2140,6.833333333333333,4
641,0.0,51,Alfa Romeo,41.0,244,6.833333333333333,1
641,0.0,118,Vanwall,41.0,71,6.833333333333333,1
641,9.0,131,Mercedes,41.0,354,6.833333333333333,1
642,75.33,6,Ferrari,127.33,2140,21.221666666666668,4
642,52.0,51,Alfa Romeo,127.33,244,21.221666666666668,2
643,13.0,105,Maserati,13.0,436,4.333333333333333,2
643,0.0,128,Gordini,13.0,102,4.333333333333333,1
644,4.0,105,Maserati,4.0,436,1.3333333333333333,3
645,0.0,105,Maserati,0.0,436,0.0,1
645,0.0,128,Gordini,0.0,102,0.0,1
646,0.0,128,Gordini,0.0,102,0.0,1
647,136.0,6,Ferrari,140.0,2140,23.333333333333332,5
647,3.0,51,Alfa Romeo,140.0,244,23.333333333333332,1
647,0.0,105,Maserati,140.0,436,23.333333333333332,1
647,1.0,132,Lancia,140.0,11,23.333333333333332,2
648,17.0,131,Mercedes,17.0,354,8.5,2
649,0.0,128,Gordini,0.0,102,0.0,1
649,0.0,141,Simca,0.0,29,0.0,1
650,0.0,128,Gordini,0.0,102,0.0,2
651,0.0,105,Maserati,0.0,436,0.0,1
651,0.0,133,HWM,0.0,47,0.0,3
652,0.0,133,HWM,0.0,47,0.0,1
653,4.0,113,Kurtis Kraft,4.0,226,0.8,3
653,0.0,116,Ewing,4.0,3,0.8,1
653,0.0,135,Pawl,4.0,4,0.8,1
654,1.0,113,Kurtis Kraft,1.0,226,0.2,3
654,0.0,114,Kuzma,1.0,39,0.2,2
655,0.0,113,Kurtis Kraft,0.0,226,0.0,2
655,0.0,129,Stevens,0.0,10,0.0,1
656,8.0,113,Kurtis Kraft,8.0,226,2.0,4
657,0.0,111,Trevis,19.0,6,3.8,1
657,19.0,113,Kurtis Kraft,19.0,226,3.8,4
658,9.0,113,Kurtis Kraft,9.0,226,1.5,6
659,0.0,113,Kurtis Kraft,0.0,226,0.0,3
659,0.0,129,Stevens,0.0,10,0.0,1
660,0.0,6,Ferrari,0.0,2140,0.0,1
660,0.0,105,Maserati,0.0,436,0.0,2
660,0.0,125,Connaught,0.0,54,0.0,1
660,0.0,128,Gordini,0.0,102,0.0,1
660,0.0,133,HWM,0.0,47,0.0,1
660,0.0,141,Simca,0.0,29,0.0,1
660,0.0,154,Talbot-Lago,0.0,82,0.0,2
661,0.0,66,BRM,0.0,562,0.0,1
661,0.0,105,Maserati,0.0,436,0.0,1
661,0.0,125,Connaught,0.0,54,0.0,1
661,0.0,151,ERA,0.0,13,0.0,1
662,0.0,128,Gordini,0.0,102,0.0,1
663,0.0,87,Cooper,3.0,103,0.75,2
663,0.0,105,Maserati,3.0,436,0.75,1
663,0.0,118,Vanwall,3.0,71,0.75,1
663,3.0,148,Frazer Nash,3.0,4,0.75,1
664,0.0,125,Connaught,0.0,54,0.0,3
665,0.0,125,Connaught,0.0,54,0.0,2
666,0.0,125,Connaught,0.0,54,0.0,2
666,0.0,151,ERA,0.0,13,0.0,1
667,0.0,105,Maserati,0.0,436,0.0,1
667,0.0,133,HWM,0.0,47,0.0,1
668,0.0,128,Gordini,0.0,102,0.0,1
669,8.0,105,Maserati,8.0,436,1.6,4
669,0.0,125,Connaught,8.0,54,1.6,1
669,0.0,128,Gordini,8.0,102,1.6,1
669,0.0,141,Simca,8.0,29,1.6,1
670,8.14,105,Maserati,8.14,436,2.7133333333333334,3
671,0.0,128,Gordini,0.0,102,0.0,1
672,0.0,105,Maserati,0.0,436,0.0,1
673,8.0,113,Kurtis Kraft,8.0,226,2.6666666666666665,2
673,0.0,142,Turner,8.0,1,2.6666666666666665,1
674,0.0,113,Kurtis Kraft,0.0,226,0.0,1
675,0.0,110,Lesovsky,2.0,15,0.5,1
675,2.0,113,Kurtis Kraft,2.0,226,0.5,1
675,0.0,114,Kuzma,2.0,39,0.5,2
676,0.0,113,Kurtis Kraft,0.0,226,0.0,1
677,0.0,105,Maserati,0.0,436,0.0,1
677,0.0,113,Kurtis Kraft,0.0,226,0.0,1
677,0.0,139,Bromme,0.0,5,0.0,2
678,0.0,134,Schroeder,0.0,8,0.0,1
679,0.0,113,Kurtis Kraft,0.0,226,0.0,1
679,0.0,129,Stevens,0.0,10,0.0,1
680,0.0,6,Ferrari,0.0,2140,0.0,2
680,0.0,154,Talbot-Lago,0.0,82,0.0,1
681,0.0,128,Gordini,0.0,102,0.0,1
681,0.0,141,Simca,0.0,29,0.0,1
682,0.0,125,Connaught,0.0,54,0.0,1
683,0.0,125,Connaught,0.0,54,0.0,1
684,0.0,125,Connaught,0.0,54,0.0,1
685,0.0,125,Connaught,0.0,54,0.0,1
686,3.0,6,Ferrari,9.0,2140,2.25,2
686,4.0,51,Alfa Romeo,9.0,244,2.25,1
686,2.0,66,BRM,9.0,562,2.25,1
686,0.0,87,Cooper,9.0,103,2.25,1
686,0.0,105,Maserati,9.0,436,2.25,1
687,4.0,6,Ferrari,4.0,2140,0.8,3
687,0.0,87,Cooper,4.0,103,0.8,2
687,0.0,126,Alta,4.0,6,0.8,1
688,0.0,87,Cooper,0.0,103,0.0,2
689,2.0,87,Cooper,2.0,103,0.6666666666666666,3
690,0.0,87,Cooper,0.0,103,0.0,2
691,2.0,105,Maserati,2.0,436,1.0,1
691,0.0,131,Mercedes,2.0,354,1.0,1
692,0.0,140,Klenk,0.0,1,0.0,1
692,0.0,144,Veritas,0.0,18,0.0,2
693,0.0,128,Gordini,0.0,102,0.0,2
694,0.0,105,Maserati,0.0,436,0.0,1
695,2.0,105,Maserati,2.0,436,2.0,1
696,0.0,87,Cooper,0.0,103,0.0,1
697,7.0,51,Alfa Romeo,17.5,244,4.375,1
697,10.5,105,Maserati,17.5,436,4.375,3
697,0.0,163,Milano,17.5,1,4.375,1
698,0.0,87,Cooper,0.0,103,0.0,1
699,0.0,113,Kurtis Kraft,0.0,226,0.0,3
700,0.0,113,Kurtis Kraft,0.0,226,0.0,2
701,0.0,113,Kurtis Kraft,6.0,226,3.0,1
701,6.0,150,Deidt,6.0,8,3.0,1
702,0.0,113,Kurtis Kraft,0.0,226,0.0,2
702,0.0,129,Stevens,0.0,10,0.0,1
702,0.0,134,Schroeder,0.0,8,0.0,1
702,0.0,139,Bromme,0.0,5,0.0,1
703,0.0,144,Veritas,0.0,18,0.0,2
704,0.0,133,HWM,5.0,47,1.25,2
704,5.0,154,Talbot-Lago,5.0,82,1.25,2
705,0.0,87,Cooper,0.0,103,0.0,1
705,0.0,148,Frazer Nash,0.0,4,0.0,1
706,0.0,87,Cooper,0.0,103,0.0,1
707,0.0,125,Connaught,0.0,54,0.0,1
708,0.0,133,HWM,0.0,47,0.0,2
708,0.0,154,Talbot-Lago,0.0,82,0.0,1
709,0.0,145,BMW,0.0,6,0.0,2
710,0.0,145,BMW,0.0,6,0.0,2
711,0.0,144,Veritas,0.0,18,0.0,1
712,0.0,144,Veritas,0.0,18,0.0,1
712,0.0,147,AFM,0.0,7,0.0,1
713,0.0,147,AFM,0.0,7,0.0,1
714,0.0,6,Ferrari,0.0,2140,0.0,1
715,0.0,145,BMW,0.0,6,0.0,1
715,0.0,147,AFM,0.0,7,0.0,1
716,0.0,144,Veritas,0.0,18,0.0,1
717,0.0,6,Ferrari,0.0,2140,0.0,1
717,0.0,147,AFM,0.0,7,0.0,2
718,0.0,144,Veritas,0.0,18,0.0,1
719,0.0,133,HWM,0.0,47,0.0,1
720,0.0,6,Ferrari,0.0,2140,0.0,1
720,0.0,141,Simca,0.0,29,0.0,1
721,0.0,6,Ferrari,0.0,2140,0.0,2
721,0.0,144,Veritas,0.0,18,0.0,1
722,0.0,6,Ferrari,0.0,2140,0.0,2
723,10.0,6,Ferrari,10.0,2140,5.0,2
724,0.0,144,Veritas,0.0,18,0.0,1
725,0.0,133,HWM,0.0,47,0.0,2
726,0.0,110,Lesovsky,0.0,15,0.0,2
726,0.0,113,Kurtis Kraft,0.0,226,0.0,1
727,0.0,107,Watson,0.0,22,0.0,1
728,0.0,107,Watson,0.0,22,0.0,1
728,0.0,113,Kurtis Kraft,0.0,226,0.0,1
729,0.0,113,Kurtis Kraft,0.0,226,0.0,1
729,0.0,129,Stevens,0.0,10,0.0,1
729,0.0,162,Snowberger,0.0,1,0.0,1
730,0.0,113,Kurtis Kraft,0.0,226,0.0,1
730,0.0,134,Schroeder,0.0,8,0.0,1
730,0.0,149,Sherman,0.0,2,0.0,1
731,0.0,105,Maserati,0.0,436,0.0,1
731,0.0,110,Lesovsky,0.0,15,0.0,1
731,0.0,119,Moore,0.0,3,0.0,1
732,0.0,105,Maserati,0.0,436,0.0,1
732,0.0,113,Kurtis Kraft,0.0,226,0.0,2
733,0.0,113,Kurtis Kraft,0.0,226,0.0,2
734,0.0,129,Stevens,2.0,10,1.0,1
734,2.0,134,Schroeder,2.0,8,1.0,1
735,0.0,6,Ferrari,0.0,2140,0.0,1
736,0.0,6,Ferrari,0.0,2140,0.0,1
736,0.0,133,HWM,0.0,47,0.0,1
737,0.0,141,Simca,0.0,29,0.0,1
738,0.0,133,HWM,0.0,47,0.0,1
739,0.0,152,Aston Butterworth,0.0,4,0.0,1
740,0.0,6,Ferrari,0.0,2140,0.0,1
740,0.0,105,Maserati,0.0,436,0.0,1
741,0.0,105,Maserati,3.0,436,1.0,1
741,3.0,154,Talbot-Lago,3.0,82,1.0,2
742,3.0,125,Connaught,3.0,54,3.0,1
743,2.0,125,Connaught,2.0,54,2.0,1
744,0.0,125,Connaught,0.0,54,0.0,1
745,0.0,126,Alta,0.0,6,0.0,1
746,0.0,105,Maserati,0.0,436,0.0,1
747,0.0,87,Cooper,0.0,103,0.0,1
747,0.0,105,Maserati,0.0,436,0.0,2
748,0.0,105,Maserati,0.0,436,0.0,1
749,0.0,152,Aston Butterworth,0.0,4,0.0,1
750,0.0,144,Veritas,0.0,18,0.0,1
751,0.0,144,Veritas,0.0,18,0.0,1
752,0.0,147,AFM,0.0,7,0.0,1
753,0.0,144,Veritas,0.0,18,0.0,1
754,0.0,145,BMW,0.0,6,0.0,1
755,0.0,6,Ferrari,0.0,2140,0.0,1
756,0.0,51,Alfa Romeo,0.0,244,0.0,1
756,0.0,105,Maserati,0.0,436,0.0,1
756,0.0,144,Veritas,0.0,18,0.0,1
757,0.0,144,Veritas,0.0,18,0.0,1
758,0.0,133,HWM,0.0,47,0.0,1
759,0.0,105,Maserati,0.0,436,0.0,1
760,0.0,153,Cisitalia,0.0,1,0.0,1
761,0.0,105,Maserati,0.0,436,0.0,1
762,0.0,105,Maserati,0.0,436,0.0,2
762,0.0,127,OSCA,0.0,8,0.0,1
763,3.0,51,Alfa Romeo,3.0,244,1.5,2
764,0.0,154,Talbot-Lago,0.0,82,0.0,2
765,0.0,154,Talbot-Lago,0.0,82,0.0,2
766,9.0,113,Kurtis Kraft,9.0,226,4.5,1
766,0.0,119,Moore,9.0,3,4.5,1
767,0.0,113,Kurtis Kraft,0.0,226,0.0,1
768,4.0,150,Deidt,4.0,8,2.0,2
769,0.0,155,Hall,0.0,1,0.0,1
770,3.0,113,Kurtis Kraft,3.0,226,1.5,2
771,0.0,113,Kurtis Kraft,0.0,226,0.0,2
772,0.0,113,Kurtis Kraft,0.0,226,0.0,1
772,0.0,150,Deidt,0.0,8,0.0,1
773,0.0,154,Talbot-Lago,0.0,82,0.0,2
774,1.0,154,Talbot-Lago,1.0,82,0.5,2
775,0.0,141,Simca,0.0,29,0.0,1
776,0.0,126,Alta,0.0,6,0.0,2
777,0.0,105,Maserati,0.0,436,0.0,1
778,0.0,105,Maserati,0.0,436,0.0,1
778,0.0,151,ERA,0.0,13,0.0,1
779,0.0,105,Maserati,0.0,436,0.0,1
780,0.0,105,Maserati,0.0,436,0.0,2
781,0.0,66,BRM,0.0,562,0.0,1
782,0.0,105,Maserati,0.0,436,0.0,1
783,0.0,154,Talbot-Lago,0.0,82,0.0,1
784,0.0,105,Maserati,0.0,436,0.0,1
785,0.0,126,Alta,0.0,6,0.0,1
786,32.0,51,Alfa Romeo,32.0,244,16.0,2
787,0.0,151,ERA,0.0,13,0.0,1
788,0.0,105,Maserati,0.0,436,0.0,1
789,0.0,154,Talbot-Lago,0.0,82,0.0,1
790,0.0,151,ERA,0.0,13,0.0,1
791,0.0,6,Ferrari,0.0,2140,0.0,1
792,0.0,105,Maserati,0.0,436,0.0,1
793,3.0,6,Ferrari,3.0,2140,3.0,1
793,0.0,154,Talbot-Lago,3.0,82,3.0,1
794,1.0,113,Kurtis Kraft,1.0,226,1.0,1
795,0.0,156,Marchese,0.0,2,0.0,1
796,0.0,158,Rae,0.0,1,0.0,1
797,0.0,113,Kurtis Kraft,0.0,226,0.0,1
797,0.0,159,Olson,0.0,1,0.0,1
798,0.0,161,Adams,0.0,2,0.0,1
799,0.0,113,Kurtis Kraft,0.0,226,0.0,2
800,0.0,105,Maserati,0.0,436,0.0,1
801,0.0,154,Talbot-Lago,0.0,82,0.0,1
802,3.0,6,Ferrari,3.0,2140,3.0,1
803,0.0,161,Adams,0.0,2,0.0,1
804,0.0,113,Kurtis Kraft,0.0,226,0.0,1
805,0.0,139,Bromme,0.0,5,0.0,1
806,0.0,105,Maserati,0.0,436,0.0,1
807,22.0,3,Williams,405.0,1379,57.857142857142854,1
807,43.0,4,Renault,405.0,669,57.857142857142854,1
807,289.0,10,Force India,405.0,382,57.857142857142854,4
807,51.0,15,Sauber,405.0,747,57.857142857142854,1
808,64.0,4,Renault,64.0,669,21.333333333333332,2
808,0.0,207,Caterham,64.0,112,21.333333333333332,1
810,0.0,166,Virgin,0.0,76,0.0,1
811,31.0,3,Williams,33.0,1379,11.0,1
811,2.0,4,Renault,33.0,669,11.0,1
811,0.0,164,HRT,33.0,116,11.0,1
812,0.0,164,HRT,0.0,116,0.0,1
812,0.0,205,Lotus,0.0,76,0.0,1
813,47.0,3,Williams,76.0,1379,15.2,3
813,29.0,208,Lotus F1,76.0,154,15.2,2
814,0.0,3,Williams,121.0,1379,30.25,1
814,121.0,10,Force India,121.0,382,30.25,3
815,49.0,1,McLaren,467.0,1625,66.71428571428571,1
815,338.0,10,Force India,467.0,382,66.71428571428571,4
815,80.0,15,Sauber,467.0,747,66.71428571428571,2
816,0.0,166,Virgin,0.0,76,0.0,1
816,0.0,208,Lotus F1,0.0,154,0.0,1
817,30.0,5,Toro Rosso,816.0,452,116.57142857142857,2
817,786.0,9,Red Bull,816.0,490,116.57142857142857,4
817,0.0,164,HRT,816.0,116,116.57142857142857,1
818,51.0,5,Toro Rosso,51.0,452,17.0,3
819,0.0,206,Marussia,0.0,109,0.0,1
819,0.0,207,Caterham,0.0,112,0.0,1
820,0.0,206,Marussia,0.0,109,0.0,2
821,6.0,15,Sauber,6.0,747,2.0,2
821,0.0,210,Haas F1 Team,6.0,82,2.0,1
822,411.0,3,Williams,716.0,1379,143.2,4
822,305.0,131,Mercedes,716.0,354,143.2,1
823,0.0,207,Caterham,0.0,112,0.0,1
824,2.0,206,Marussia,2.0,109,1.0,2
825,55.0,1,McLaren,81.0,1625,20.25,2
825,7.0,4,Renault,81.0,669,20.25,1
825,19.0,210,Haas F1 Team,81.0,82,20.25,1
826,17.0,5,Toro Rosso,133.0,452,33.25,3
826,116.0,9,Red Bull,133.0,490,33.25,2
827,0.0,207,Caterham,0.0,112,0.0,1
828,9.0,15,Sauber,9.0,747,2.25,3
828,0.0,207,Caterham,9.0,112,2.25,1
829,0.0,207,Caterham,0.0,112,0.0,1
829,0.0,209,Manor Marussia,0.0,78,0.0,1
830,62.0,5,Toro Rosso,421.0,452,140.33333333333334,2
830,359.0,9,Red Bull,421.0,490,140.33333333333334,2
831,29.0,15,Sauber,29.0,747,14.5,2
832,6.0,4,Renault,118.0,669,39.333333333333336,1
832,112.0,5,Toro Rosso,118.0,452,39.333333333333336,3
833,0.0,209,Manor Marussia,0.0,78,0.0,1
834,0.0,209,Manor Marussia,0.0,78,0.0,1
835,9.0,4,Renault,9.0,669,4.5,2
836,5.0,15,Sauber,6.0,747,3.0,1
836,1.0,209,Manor Marussia,6.0,78,3.0,1
837,0.0,209,Manor Marussia,0.0,78,0.0,1
838,14.0,1,McLaren,14.0,1625,7.0,2
839,87.0,10,Force India,87.0,382,43.5,1
839,0.0,209,Manor Marussia,87.0,78,43.5,1
840,40.0,3,Williams,40.0,1379,40.0,1
841,0.0,15,Sauber,0.0,747,0.0,1
842,0.0,5,Toro Rosso,0.0,452,0.0,1
843,0.0,5,Toro Rosso,0.0,452,0.0,1
